spatial id,temporal id,Target (normal),Normal target,_Daily_Cases t-3,_Daily_Cases t-2,_Daily_Cases t-1,_Daily_Cases t,Daily_Deaths t-3,Daily_Deaths t-2,Daily_Deaths t-1,Daily_Deaths t,retail_and_recreation_percent_change_from_baseline t-3,retail_and_recreation_percent_change_from_baseline t-2,retail_and_recreation_percent_change_from_baseline t-1,retail_and_recreation_percent_change_from_baseline t,grocery_and_pharmacy_percent_change_from_baseline t-3,grocery_and_pharmacy_percent_change_from_baseline t-2,grocery_and_pharmacy_percent_change_from_baseline t-1,grocery_and_pharmacy_percent_change_from_baseline t,parks_percent_change_from_baseline t-3,parks_percent_change_from_baseline t-2,parks_percent_change_from_baseline t-1,parks_percent_change_from_baseline t,transit_stations_percent_change_from_baseline t-3,transit_stations_percent_change_from_baseline t-2,transit_stations_percent_change_from_baseline t-1,transit_stations_percent_change_from_baseline t,residential_percent_change_from_baseline_ t-3,residential_percent_change_from_baseline_ t-2,residential_percent_change_from_baseline_ t-1,residential_percent_change_from_baseline_ t
1,2020-02-19,0.0,0.0,0,1,0,0,0,0,0,0,13.0,-12.0,-1.0,1.0,8.0,-15.0,4.0,1.0,41.0,63.0,6.0,9.0,4.0,-28.0,-1.0,0.0,-2.0,11.0,1.0,0.0
1,2020-02-20,0.0,0.0,1,0,0,0,0,0,0,0,-12.0,-1.0,1.0,6.0,-15.0,4.0,1.0,4.0,63.0,6.0,9.0,14.0,-28.0,-1.0,0.0,-1.0,11.0,1.0,0.0,0.0
1,2020-02-21,0.0,0.0,0,0,0,1,0,0,0,0,-1.0,1.0,6.0,2.0,4.0,1.0,4.0,-1.0,6.0,9.0,14.0,10.0,-1.0,0.0,-1.0,-1.0,1.0,0.0,0.0,1.0
1,2020-02-22,0.0,0.0,0,0,1,0,0,0,0,0,1.0,6.0,2.0,8.0,1.0,4.0,-1.0,5.0,9.0,14.0,10.0,28.0,0.0,-1.0,-1.0,6.0,0.0,0.0,1.0,-1.0
1,2020-02-23,0.0,0.0,0,1,0,0,0,0,0,0,6.0,2.0,8.0,10.0,4.0,-1.0,5.0,6.0,14.0,10.0,28.0,36.0,-1.0,-1.0,6.0,5.0,0.0,1.0,-1.0,-1.0
1,2020-02-24,1.0,1.0,1,0,0,1,0,0,0,0,2.0,8.0,10.0,3.0,-1.0,5.0,6.0,2.0,10.0,28.0,36.0,19.0,-1.0,6.0,5.0,-1.0,1.0,-1.0,-1.0,0.0
1,2020-02-25,0.0,0.0,0,0,1,1,0,0,0,0,8.0,10.0,3.0,2.0,5.0,6.0,2.0,5.0,28.0,36.0,19.0,9.0,6.0,5.0,-1.0,0.0,-1.0,-1.0,0.0,0.0
1,2020-02-26,0.0,0.0,0,1,1,0,0,0,0,0,10.0,3.0,2.0,-2.0,6.0,2.0,5.0,2.0,36.0,19.0,9.0,1.0,5.0,-1.0,0.0,-2.0,-1.0,0.0,0.0,1.0
1,2020-02-27,0.0,0.0,1,1,0,2,0,0,0,0,3.0,2.0,-2.0,-8.0,2.0,5.0,2.0,-9.0,19.0,9.0,1.0,-6.0,-1.0,0.0,-2.0,-5.0,0.0,0.0,1.0,4.0
1,2020-02-28,0.0,0.0,1,0,2,1,0,0,0,0,2.0,-2.0,-8.0,-1.0,5.0,2.0,-9.0,1.0,9.0,1.0,-6.0,-5.0,0.0,-2.0,-5.0,1.0,0.0,1.0,4.0,1.0
1,2020-02-29,0.0,0.0,0,2,1,6,0,0,0,0,-2.0,-8.0,-1.0,7.0,2.0,-9.0,1.0,7.0,1.0,-6.0,-5.0,11.0,-2.0,-5.0,1.0,6.0,1.0,4.0,1.0,0.0
1,2020-03-01,0.0,0.0,2,1,6,4,0,0,0,0,-8.0,-1.0,7.0,10.0,-9.0,1.0,7.0,9.0,-6.0,-5.0,11.0,23.0,-5.0,1.0,6.0,6.0,4.0,1.0,0.0,-1.0
1,2020-03-02,3.0,3.0,1,6,4,3,0,0,0,0,-1.0,7.0,10.0,3.0,1.0,7.0,9.0,3.0,-5.0,11.0,23.0,1.0,1.0,6.0,6.0,-2.0,1.0,0.0,-1.0,1.0
1,2020-03-03,2.0,2.0,6,4,3,3,0,0,0,0,7.0,10.0,3.0,4.0,7.0,9.0,3.0,6.0,11.0,23.0,1.0,8.0,6.0,6.0,-2.0,-2.0,0.0,-1.0,1.0,0.0
1,2020-03-04,5.0,5.0,4,3,3,3,0,0,0,0,10.0,3.0,4.0,5.0,9.0,3.0,6.0,4.0,23.0,1.0,8.0,11.0,6.0,-2.0,-2.0,0.0,-1.0,1.0,0.0,1.0
1,2020-03-05,0.0,0.0,3,3,3,4,0,0,0,0,3.0,4.0,5.0,7.0,3.0,6.0,4.0,5.0,1.0,8.0,11.0,18.0,-2.0,-2.0,0.0,-1.0,1.0,0.0,1.0,1.0
1,2020-03-06,4.0,4.0,3,3,4,12,0,0,0,0,4.0,5.0,7.0,1.0,6.0,4.0,5.0,-1.0,8.0,11.0,18.0,6.0,-2.0,0.0,-1.0,-3.0,0.0,1.0,1.0,1.0
1,2020-03-07,4.0,4.0,3,4,12,5,0,0,0,0,5.0,7.0,1.0,6.0,4.0,5.0,-1.0,5.0,11.0,18.0,6.0,17.0,0.0,-1.0,-3.0,3.0,1.0,1.0,1.0,0.0
1,2020-03-08,3.0,3.0,4,12,5,10,0,0,0,0,7.0,1.0,6.0,9.0,5.0,-1.0,5.0,7.0,18.0,6.0,17.0,50.0,-1.0,-3.0,3.0,3.0,1.0,1.0,0.0,0.0
1,2020-03-09,7.0,7.0,12,5,10,13,0,0,0,1,1.0,6.0,9.0,4.0,-1.0,5.0,7.0,4.0,6.0,17.0,50.0,31.0,-3.0,3.0,3.0,-3.0,1.0,0.0,0.0,1.0
1,2020-03-10,4.0,4.0,5,10,13,2,0,0,1,0,6.0,9.0,4.0,-1.0,5.0,7.0,4.0,1.0,17.0,50.0,31.0,-2.0,3.0,3.0,-3.0,-6.0,0.0,0.0,1.0,1.0
1,2020-03-11,9.0,9.0,10,13,2,29,0,1,0,0,9.0,4.0,-1.0,3.0,7.0,4.0,1.0,7.0,50.0,31.0,-2.0,12.0,3.0,-3.0,-6.0,-3.0,0.0,1.0,1.0,1.0
1,2020-03-12,15.0,15.0,13,2,29,9,1,0,0,0,4.0,-1.0,3.0,7.0,4.0,1.0,7.0,27.0,31.0,-2.0,12.0,11.0,-3.0,-6.0,-3.0,-6.0,1.0,1.0,1.0,1.0
1,2020-03-13,9.0,9.0,2,29,9,76,0,0,0,0,-1.0,3.0,7.0,-5.0,1.0,7.0,27.0,35.0,-2.0,12.0,11.0,-16.0,-6.0,-3.0,-6.0,-17.0,1.0,1.0,1.0,5.0
1,2020-03-14,16.0,16.0,29,9,76,5,0,0,0,0,3.0,7.0,-5.0,-11.0,7.0,27.0,35.0,19.0,12.0,11.0,-16.0,-8.0,-3.0,-6.0,-17.0,-19.0,1.0,1.0,5.0,5.0
1,2020-03-15,14.0,14.0,9,76,5,54,0,0,0,0,7.0,-5.0,-11.0,-12.0,27.0,35.0,19.0,11.0,11.0,-16.0,-8.0,28.0,-6.0,-17.0,-19.0,-22.0,1.0,5.0,5.0,4.0
1,2020-03-16,29.0,29.0,76,5,54,163,0,0,0,3,-5.0,-11.0,-12.0,-12.0,35.0,19.0,11.0,23.0,-16.0,-8.0,28.0,15.0,-17.0,-19.0,-22.0,-37.0,5.0,5.0,4.0,10.0
1,2020-03-17,27.0,27.0,5,54,163,63,0,0,3,2,-11.0,-12.0,-12.0,-27.0,19.0,11.0,23.0,13.0,-8.0,28.0,15.0,7.0,-19.0,-22.0,-37.0,-45.0,5.0,4.0,10.0,14.0
1,2020-03-18,23.0,23.0,54,163,63,179,0,3,2,5,-12.0,-12.0,-27.0,-33.0,11.0,23.0,13.0,7.0,28.0,15.0,7.0,14.0,-22.0,-37.0,-45.0,-48.0,4.0,10.0,14.0,16.0
1,2020-03-19,49.0,49.0,163,63,179,143,3,2,5,0,-12.0,-27.0,-33.0,-36.0,23.0,13.0,7.0,4.0,15.0,7.0,14.0,18.0,-37.0,-45.0,-48.0,-52.0,10.0,14.0,16.0,17.0
1,2020-03-20,53.0,53.0,63,179,143,143,2,5,0,4,-27.0,-33.0,-36.0,-44.0,13.0,7.0,4.0,-5.0,7.0,14.0,18.0,-8.0,-45.0,-48.0,-52.0,-54.0,14.0,16.0,17.0,20.0
1,2020-03-21,83.0,83.0,179,143,143,334,5,0,4,4,-33.0,-36.0,-44.0,-49.0,7.0,4.0,-5.0,-12.0,14.0,18.0,-8.0,11.0,-48.0,-52.0,-54.0,-49.0,16.0,17.0,20.0,13.0
1,2020-03-22,75.0,75.0,143,143,334,192,0,4,4,3,-36.0,-44.0,-49.0,-51.0,4.0,-5.0,-12.0,-21.0,18.0,-8.0,11.0,4.0,-52.0,-54.0,-49.0,-54.0,17.0,20.0,13.0,11.0
1,2020-03-23,85.0,85.0,143,334,192,619,4,4,3,7,-44.0,-49.0,-51.0,-45.0,-5.0,-12.0,-21.0,-13.0,-8.0,11.0,4.0,-27.0,-54.0,-49.0,-54.0,-63.0,20.0,13.0,11.0,20.0
1,2020-03-24,61.0,61.0,334,192,619,702,4,3,7,4,-49.0,-51.0,-45.0,-49.0,-12.0,-21.0,-13.0,-15.0,11.0,4.0,-27.0,-10.0,-49.0,-54.0,-63.0,-64.0,13.0,11.0,20.0,22.0
1,2020-03-25,67.0,67.0,192,619,702,461,3,7,4,9,-51.0,-45.0,-49.0,-53.0,-21.0,-13.0,-15.0,-21.0,4.0,-27.0,-10.0,1.0,-54.0,-63.0,-64.0,-65.0,11.0,20.0,22.0,23.0
1,2020-03-26,123.0,123.0,619,702,461,791,7,4,9,15,-45.0,-49.0,-53.0,-54.0,-13.0,-15.0,-21.0,-21.0,-27.0,-10.0,1.0,-18.0,-63.0,-64.0,-65.0,-68.0,20.0,22.0,23.0,25.0
1,2020-03-27,96.0,96.0,702,461,791,640,4,9,15,9,-49.0,-53.0,-54.0,-55.0,-15.0,-21.0,-21.0,-21.0,-10.0,1.0,-18.0,-10.0,-64.0,-65.0,-68.0,-66.0,22.0,23.0,25.0,26.0
1,2020-03-28,119.0,119.0,461,791,640,894,9,15,9,16,-53.0,-54.0,-55.0,-59.0,-21.0,-21.0,-21.0,-27.0,1.0,-18.0,-10.0,-30.0,-65.0,-68.0,-66.0,-64.0,23.0,25.0,26.0,17.0
1,2020-03-29,109.0,109.0,791,640,894,704,15,9,16,14,-54.0,-55.0,-59.0,-59.0,-21.0,-21.0,-27.0,-35.0,-18.0,-10.0,-30.0,-16.0,-68.0,-66.0,-64.0,-66.0,25.0,26.0,17.0,14.0
1,2020-03-30,130.0,130.0,640,894,704,1118,9,16,14,29,-55.0,-59.0,-59.0,-54.0,-21.0,-27.0,-35.0,-27.0,-10.0,-30.0,-16.0,-32.0,-66.0,-64.0,-66.0,-70.0,26.0,17.0,14.0,23.0
1,2020-03-31,136.0,136.0,894,704,1118,1129,16,14,29,27,-59.0,-59.0,-54.0,-51.0,-27.0,-35.0,-27.0,-19.0,-30.0,-16.0,-32.0,-13.0,-64.0,-66.0,-70.0,-68.0,17.0,14.0,23.0,23.0
1,2020-04-01,154.0,154.0,704,1118,1129,1033,14,29,27,23,-59.0,-54.0,-51.0,-52.0,-35.0,-27.0,-19.0,-21.0,-16.0,-32.0,-13.0,-10.0,-66.0,-70.0,-68.0,-68.0,14.0,23.0,23.0,24.0
1,2020-04-02,203.0,203.0,1118,1129,1033,1724,29,27,23,49,-54.0,-51.0,-52.0,-53.0,-27.0,-19.0,-21.0,-23.0,-32.0,-13.0,-10.0,-16.0,-70.0,-68.0,-68.0,-70.0,23.0,23.0,24.0,25.0
1,2020-04-03,126.0,126.0,1129,1033,1724,1153,27,23,49,53,-51.0,-52.0,-53.0,-55.0,-19.0,-21.0,-23.0,-23.0,-13.0,-10.0,-16.0,-33.0,-68.0,-68.0,-70.0,-69.0,23.0,24.0,25.0,27.0
1,2020-04-04,143.0,143.0,1033,1724,1153,541,23,49,53,83,-52.0,-53.0,-55.0,-57.0,-21.0,-23.0,-23.0,-25.0,-10.0,-16.0,-33.0,-17.0,-68.0,-70.0,-69.0,-63.0,24.0,25.0,27.0,17.0
1,2020-04-05,158.0,158.0,1724,1153,541,2778,49,53,83,75,-53.0,-55.0,-57.0,-63.0,-23.0,-23.0,-25.0,-45.0,-16.0,-33.0,-17.0,-13.0,-70.0,-69.0,-63.0,-67.0,25.0,27.0,17.0,14.0
1,2020-04-06,146.0,146.0,1153,541,2778,807,53,83,75,85,-55.0,-57.0,-63.0,-51.0,-23.0,-25.0,-45.0,-21.0,-33.0,-17.0,-13.0,2.0,-69.0,-63.0,-67.0,-68.0,27.0,17.0,14.0,23.0
1,2020-04-07,193.0,193.0,541,2778,807,1309,83,75,85,61,-57.0,-63.0,-51.0,-52.0,-25.0,-45.0,-21.0,-18.0,-17.0,-13.0,2.0,-1.0,-63.0,-67.0,-68.0,-68.0,17.0,14.0,23.0,24.0
1,2020-04-08,195.0,195.0,2778,807,1309,1269,75,85,61,67,-63.0,-51.0,-52.0,-51.0,-45.0,-21.0,-18.0,-17.0,-13.0,2.0,-1.0,-3.0,-67.0,-68.0,-68.0,-67.0,14.0,23.0,24.0,24.0
1,2020-04-09,171.0,171.0,807,1309,1269,1513,85,61,67,123,-51.0,-52.0,-51.0,-44.0,-21.0,-18.0,-17.0,-3.0,2.0,-1.0,-3.0,-15.0,-68.0,-68.0,-67.0,-68.0,23.0,24.0,24.0,24.0
1,2020-04-10,180.0,180.0,1309,1269,1513,1405,61,67,123,96,-52.0,-51.0,-44.0,-70.0,-18.0,-17.0,-3.0,-43.0,-1.0,-3.0,-15.0,-24.0,-68.0,-67.0,-68.0,-77.0,24.0,24.0,24.0,33.0
1,2020-04-11,187.0,187.0,1269,1513,1405,1257,67,123,96,119,-51.0,-44.0,-70.0,-54.0,-17.0,-3.0,-43.0,-15.0,-3.0,-15.0,-24.0,-22.0,-67.0,-68.0,-77.0,-63.0,24.0,24.0,33.0,17.0
1,2020-04-12,157.0,157.0,1513,1405,1257,983,123,96,119,109,-44.0,-70.0,-54.0,-74.0,-3.0,-43.0,-15.0,-62.0,-15.0,-24.0,-22.0,-4.0,-68.0,-77.0,-63.0,-67.0,24.0,33.0,17.0,14.0
1,2020-04-13,185.0,185.0,1405,1257,983,1381,96,119,109,130,-70.0,-54.0,-74.0,-55.0,-43.0,-15.0,-62.0,-29.0,-24.0,-22.0,-4.0,-25.0,-77.0,-63.0,-67.0,-74.0,33.0,17.0,14.0,26.0
1,2020-04-14,197.0,197.0,1257,983,1381,1355,119,109,130,136,-54.0,-74.0,-55.0,-50.0,-15.0,-62.0,-29.0,-16.0,-22.0,-4.0,-25.0,-11.0,-63.0,-67.0,-74.0,-68.0,17.0,14.0,26.0,24.0
1,2020-04-15,244.0,244.0,983,1381,1355,1174,109,130,136,154,-74.0,-55.0,-50.0,-50.0,-62.0,-29.0,-16.0,-19.0,-4.0,-25.0,-11.0,-14.0,-67.0,-74.0,-68.0,-68.0,14.0,26.0,24.0,24.0
1,2020-04-16,179.0,179.0,1381,1355,1174,2600,130,136,154,203,-55.0,-50.0,-50.0,-49.0,-29.0,-16.0,-19.0,-18.0,-25.0,-11.0,-14.0,-6.0,-74.0,-68.0,-68.0,-68.0,26.0,24.0,24.0,25.0
1,2020-04-17,202.0,202.0,1355,1174,2600,2005,136,154,203,126,-50.0,-50.0,-49.0,-53.0,-16.0,-19.0,-18.0,-22.0,-11.0,-14.0,-6.0,-22.0,-68.0,-68.0,-68.0,-67.0,24.0,24.0,25.0,27.0
1,2020-04-18,148.0,148.0,1174,2600,2005,1542,154,203,126,143,-50.0,-49.0,-53.0,-54.0,-19.0,-18.0,-22.0,-24.0,-14.0,-6.0,-22.0,-3.0,-68.0,-68.0,-67.0,-57.0,24.0,25.0,27.0,16.0
1,2020-04-19,140.0,140.0,2600,2005,1542,1277,203,126,143,158,-49.0,-53.0,-54.0,-60.0,-18.0,-22.0,-24.0,-43.0,-6.0,-22.0,-3.0,-13.0,-68.0,-67.0,-57.0,-64.0,25.0,27.0,16.0,14.0
1,2020-04-20,242.0,242.0,2005,1542,1277,2025,126,143,158,146,-53.0,-54.0,-60.0,-46.0,-22.0,-24.0,-43.0,-19.0,-22.0,-3.0,-13.0,15.0,-67.0,-57.0,-64.0,-65.0,27.0,16.0,14.0,22.0
1,2020-04-21,170.0,170.0,1542,1277,2025,1744,143,158,146,193,-54.0,-60.0,-46.0,-50.0,-24.0,-43.0,-19.0,-22.0,-3.0,-13.0,15.0,-17.0,-57.0,-64.0,-65.0,-68.0,16.0,14.0,22.0,23.0
1,2020-04-22,159.0,159.0,1277,2025,1744,2261,158,146,193,195,-60.0,-46.0,-50.0,-50.0,-43.0,-19.0,-22.0,-22.0,-13.0,15.0,-17.0,-22.0,-64.0,-65.0,-68.0,-67.0,14.0,22.0,23.0,24.0
1,2020-04-23,147.0,147.0,2025,1744,2261,1636,146,193,195,171,-46.0,-50.0,-50.0,-49.0,-19.0,-22.0,-22.0,-19.0,15.0,-17.0,-22.0,-1.0,-65.0,-68.0,-67.0,-66.0,22.0,23.0,24.0,24.0
1,2020-04-24,153.0,153.0,1744,2261,1636,1620,193,195,171,180,-50.0,-50.0,-49.0,-52.0,-22.0,-22.0,-19.0,-22.0,-17.0,-22.0,-1.0,-3.0,-68.0,-67.0,-66.0,-65.0,23.0,24.0,24.0,25.0
1,2020-04-25,164.0,164.0,2261,1636,1620,1452,195,171,180,187,-50.0,-49.0,-52.0,-51.0,-22.0,-19.0,-22.0,-21.0,-22.0,-1.0,-3.0,16.0,-67.0,-66.0,-65.0,-54.0,24.0,24.0,25.0,14.0
1,2020-04-26,118.0,118.0,1636,1620,1452,1662,171,180,187,157,-49.0,-52.0,-51.0,-57.0,-19.0,-22.0,-21.0,-39.0,-1.0,-3.0,16.0,-6.0,-66.0,-65.0,-54.0,-62.0,24.0,25.0,14.0,13.0
1,2020-04-27,134.0,134.0,1620,1452,1662,1583,180,187,157,185,-52.0,-51.0,-57.0,-45.0,-22.0,-21.0,-39.0,-17.0,-3.0,16.0,-6.0,14.0,-65.0,-54.0,-62.0,-64.0,25.0,14.0,13.0,21.0
1,2020-04-28,151.0,151.0,1452,1662,1583,1534,187,157,185,197,-51.0,-57.0,-45.0,-46.0,-21.0,-39.0,-17.0,-16.0,16.0,-6.0,14.0,14.0,-54.0,-62.0,-64.0,-64.0,14.0,13.0,21.0,16.0
1,2020-04-29,103.0,103.0,1662,1583,1534,1715,157,185,197,244,-57.0,-45.0,-46.0,-46.0,-39.0,-17.0,-16.0,-17.0,-6.0,14.0,14.0,6.0,-62.0,-64.0,-64.0,-64.0,13.0,21.0,16.0,22.0
1,2020-04-30,121.0,121.0,1583,1534,1715,1592,185,197,244,179,-45.0,-46.0,-46.0,-47.0,-17.0,-16.0,-17.0,-17.0,14.0,14.0,6.0,-4.0,-64.0,-64.0,-64.0,-65.0,21.0,16.0,22.0,23.0
1,2020-05-01,121.0,121.0,1534,1715,1592,1886,197,244,179,202,-46.0,-46.0,-47.0,-47.0,-16.0,-17.0,-17.0,-16.0,14.0,6.0,-4.0,10.0,-64.0,-64.0,-65.0,-61.0,16.0,22.0,23.0,23.0
1,2020-05-02,119.0,119.0,1715,1592,1886,1583,244,179,202,148,-46.0,-47.0,-47.0,-49.0,-17.0,-17.0,-16.0,-18.0,6.0,-4.0,10.0,15.0,-64.0,-65.0,-61.0,-52.0,22.0,23.0,23.0,14.0
1,2020-05-03,90.0,90.0,1592,1886,1583,2578,179,202,148,140,-47.0,-47.0,-49.0,-51.0,-17.0,-16.0,-18.0,-32.0,-4.0,10.0,15.0,47.0,-65.0,-61.0,-52.0,-54.0,23.0,23.0,14.0,11.0
1,2020-05-04,92.0,92.0,1886,1583,2578,1453,202,148,140,242,-47.0,-49.0,-51.0,-42.0,-16.0,-18.0,-32.0,-14.0,10.0,15.0,47.0,5.0,-61.0,-52.0,-54.0,-64.0,23.0,14.0,11.0,20.0
1,2020-05-05,75.0,75.0,1583,2578,1453,1258,148,140,242,170,-49.0,-51.0,-42.0,-42.0,-18.0,-32.0,-14.0,-10.0,15.0,47.0,5.0,32.0,-52.0,-54.0,-64.0,-62.0,14.0,11.0,20.0,20.0
1,2020-05-06,122.0,122.0,2578,1453,1258,1479,140,242,170,159,-51.0,-42.0,-42.0,-41.0,-32.0,-14.0,-10.0,-11.0,47.0,5.0,32.0,36.0,-54.0,-64.0,-62.0,-60.0,11.0,20.0,20.0,20.0
1,2020-05-07,96.0,96.0,1453,1258,1479,1507,242,170,159,147,-42.0,-42.0,-41.0,-42.0,-14.0,-10.0,-11.0,-11.0,5.0,32.0,36.0,32.0,-64.0,-62.0,-60.0,-62.0,20.0,20.0,20.0,21.0
1,2020-05-08,98.0,98.0,1258,1479,1507,1473,170,159,147,153,-42.0,-41.0,-42.0,-45.0,-10.0,-11.0,-11.0,-11.0,32.0,36.0,32.0,9.0,-62.0,-60.0,-62.0,-62.0,20.0,20.0,21.0,22.0
1,2020-05-09,94.0,94.0,1479,1507,1473,1244,159,147,153,164,-41.0,-42.0,-45.0,-44.0,-11.0,-11.0,-11.0,-6.0,36.0,32.0,9.0,0.0,-60.0,-62.0,-62.0,-55.0,20.0,21.0,22.0,13.0
1,2020-05-10,88.0,88.0,1507,1473,1244,1173,147,153,164,118,-42.0,-45.0,-44.0,-44.0,-11.0,-11.0,-6.0,-24.0,32.0,9.0,0.0,20.0,-62.0,-62.0,-55.0,-55.0,21.0,22.0,13.0,10.0
1,2020-05-11,94.0,94.0,1473,1244,1173,1173,153,164,118,134,-45.0,-44.0,-44.0,-41.0,-11.0,-6.0,-24.0,-14.0,9.0,0.0,20.0,19.0,-62.0,-55.0,-55.0,-62.0,22.0,13.0,10.0,19.0
1,2020-05-12,92.0,92.0,1244,1173,1173,1155,164,118,134,151,-44.0,-44.0,-41.0,-41.0,-6.0,-24.0,-14.0,-11.0,0.0,20.0,19.0,20.0,-55.0,-55.0,-62.0,-61.0,13.0,10.0,19.0,20.0
1,2020-05-13,94.0,94.0,1173,1173,1155,1149,118,134,151,103,-44.0,-41.0,-41.0,-38.0,-24.0,-14.0,-11.0,-9.0,20.0,19.0,20.0,46.0,-55.0,-62.0,-61.0,-58.0,10.0,19.0,20.0,19.0
1,2020-05-14,111.0,111.0,1173,1155,1149,1213,134,151,103,121,-41.0,-41.0,-38.0,-38.0,-14.0,-11.0,-9.0,-10.0,19.0,20.0,46.0,37.0,-62.0,-61.0,-58.0,-60.0,19.0,20.0,19.0,20.0
1,2020-05-15,80.0,80.0,1155,1149,1213,1178,151,103,121,121,-41.0,-38.0,-38.0,-41.0,-11.0,-9.0,-10.0,-10.0,20.0,46.0,37.0,24.0,-61.0,-58.0,-60.0,-59.0,20.0,19.0,20.0,21.0
1,2020-05-16,60.0,60.0,1149,1213,1178,1247,103,121,121,119,-38.0,-38.0,-41.0,-40.0,-9.0,-10.0,-10.0,-9.0,46.0,37.0,24.0,62.0,-58.0,-60.0,-59.0,-47.0,19.0,20.0,21.0,10.0
1,2020-05-17,49.0,49.0,1213,1178,1247,1126,121,121,119,90,-38.0,-41.0,-40.0,-41.0,-10.0,-10.0,-9.0,-23.0,37.0,24.0,62.0,86.0,-60.0,-59.0,-47.0,-51.0,20.0,21.0,10.0,8.0
1,2020-05-18,46.0,46.0,1178,1247,1126,1079,121,119,90,92,-41.0,-40.0,-41.0,-48.0,-10.0,-9.0,-23.0,-27.0,24.0,62.0,86.0,94.0,-59.0,-47.0,-51.0,-69.0,21.0,10.0,8.0,24.0
1,2020-05-19,56.0,56.0,1247,1126,1079,1082,119,90,92,75,-40.0,-41.0,-48.0,-31.0,-9.0,-23.0,-27.0,0.0,62.0,86.0,94.0,57.0,-47.0,-51.0,-69.0,-57.0,10.0,8.0,24.0,18.0
1,2020-05-20,54.0,54.0,1126,1079,1082,1082,90,92,75,122,-41.0,-48.0,-31.0,-28.0,-23.0,-27.0,0.0,1.0,86.0,94.0,57.0,70.0,-51.0,-69.0,-57.0,-54.0,8.0,24.0,18.0,17.0
1,2020-05-21,64.0,64.0,1079,1082,1082,1167,92,75,122,96,-48.0,-31.0,-28.0,-30.0,-27.0,0.0,1.0,-2.0,94.0,57.0,70.0,73.0,-69.0,-57.0,-54.0,-55.0,24.0,18.0,17.0,18.0
1,2020-05-22,40.0,40.0,1082,1082,1167,1205,75,122,96,98,-31.0,-28.0,-30.0,-34.0,0.0,1.0,-2.0,-5.0,57.0,70.0,73.0,63.0,-57.0,-54.0,-55.0,-54.0,18.0,17.0,18.0,18.0
1,2020-05-23,62.0,62.0,1082,1167,1205,1204,122,96,98,94,-28.0,-30.0,-34.0,-33.0,1.0,-2.0,-5.0,-4.0,70.0,73.0,63.0,85.0,-54.0,-55.0,-54.0,-42.0,17.0,18.0,18.0,9.0
1,2020-05-24,41.0,41.0,1167,1205,1204,955,96,98,94,88,-30.0,-34.0,-33.0,-32.0,-2.0,-5.0,-4.0,-14.0,73.0,63.0,85.0,115.0,-55.0,-54.0,-42.0,-43.0,18.0,18.0,9.0,6.0
1,2020-05-25,44.0,44.0,1205,1204,955,1013,98,94,88,94,-34.0,-33.0,-32.0,-26.0,-5.0,-4.0,-14.0,-4.0,63.0,85.0,115.0,64.0,-54.0,-42.0,-43.0,-55.0,18.0,9.0,6.0,16.0
1,2020-05-26,34.0,34.0,1204,955,1013,971,94,88,94,92,-33.0,-32.0,-26.0,-28.0,-4.0,-14.0,-4.0,-3.0,85.0,115.0,64.0,80.0,-42.0,-43.0,-55.0,-54.0,9.0,6.0,16.0,16.0
1,2020-05-27,35.0,35.0,955,1013,971,899,88,94,92,94,-32.0,-26.0,-28.0,-26.0,-14.0,-4.0,-3.0,0.0,115.0,64.0,80.0,82.0,-43.0,-55.0,-54.0,-52.0,6.0,16.0,16.0,16.0
1,2020-05-28,31.0,31.0,1013,971,899,987,94,92,94,111,-26.0,-28.0,-26.0,-28.0,-4.0,-3.0,0.0,-3.0,64.0,80.0,82.0,64.0,-55.0,-54.0,-52.0,-54.0,16.0,16.0,16.0,17.0
1,2020-05-29,29.0,29.0,971,899,987,933,92,94,111,80,-28.0,-26.0,-28.0,-32.0,-3.0,0.0,-3.0,-5.0,80.0,82.0,64.0,51.0,-54.0,-52.0,-54.0,-53.0,16.0,16.0,17.0,18.0
1,2020-05-30,28.0,28.0,899,987,933,772,94,111,80,60,-26.0,-28.0,-32.0,-32.0,0.0,-3.0,-5.0,-5.0,82.0,64.0,51.0,58.0,-52.0,-54.0,-53.0,-41.0,16.0,17.0,18.0,9.0
1,2020-05-31,19.0,19.0,987,933,772,798,111,80,60,49,-28.0,-32.0,-32.0,-30.0,-3.0,-5.0,-5.0,-12.0,64.0,51.0,58.0,69.0,-54.0,-53.0,-41.0,-43.0,17.0,18.0,9.0,7.0
1,2020-06-01,8.0,8.0,933,772,798,809,80,60,49,46,-32.0,-32.0,-30.0,-23.0,-5.0,-5.0,-12.0,-2.0,51.0,58.0,69.0,81.0,-53.0,-41.0,-43.0,-51.0,18.0,9.0,7.0,14.0
1,2020-06-02,24.0,24.0,772,798,809,672,60,49,46,56,-32.0,-30.0,-23.0,-27.0,-5.0,-12.0,-2.0,-3.0,58.0,69.0,81.0,64.0,-41.0,-43.0,-51.0,-53.0,9.0,7.0,14.0,16.0
1,2020-06-03,21.0,21.0,798,809,672,681,49,46,56,54,-30.0,-23.0,-27.0,-27.0,-12.0,-2.0,-3.0,-3.0,69.0,81.0,64.0,68.0,-43.0,-51.0,-53.0,-52.0,7.0,14.0,16.0,16.0
1,2020-06-04,13.0,13.0,809,672,681,628,46,56,54,64,-23.0,-27.0,-27.0,-25.0,-2.0,-3.0,-3.0,0.0,81.0,64.0,68.0,108.0,-51.0,-53.0,-52.0,-50.0,14.0,16.0,16.0,15.0
1,2020-06-05,25.0,25.0,672,681,628,678,56,54,64,40,-27.0,-27.0,-25.0,-29.0,-3.0,-3.0,0.0,-3.0,64.0,68.0,108.0,101.0,-53.0,-52.0,-50.0,-50.0,16.0,16.0,15.0,15.0
1,2020-06-06,29.0,29.0,681,628,678,528,54,64,40,62,-27.0,-25.0,-29.0,-29.0,-3.0,0.0,-3.0,-5.0,68.0,108.0,101.0,88.0,-52.0,-50.0,-50.0,-40.0,16.0,15.0,15.0,8.0
1,2020-06-07,17.0,17.0,628,678,528,703,64,40,62,41,-25.0,-29.0,-29.0,-26.0,0.0,-3.0,-5.0,-9.0,108.0,101.0,88.0,130.0,-50.0,-50.0,-40.0,-39.0,15.0,15.0,8.0,5.0
1,2020-06-08,20.0,20.0,678,528,703,601,40,62,41,44,-29.0,-29.0,-26.0,-21.0,-3.0,-5.0,-9.0,-2.0,101.0,88.0,130.0,100.0,-50.0,-40.0,-39.0,-51.0,15.0,8.0,5.0,14.0
1,2020-06-09,24.0,24.0,528,703,601,462,62,41,44,34,-29.0,-26.0,-21.0,-24.0,-5.0,-9.0,-2.0,-2.0,88.0,130.0,100.0,90.0,-40.0,-39.0,-51.0,-52.0,8.0,5.0,14.0,14.0
1,2020-06-10,30.0,30.0,703,601,462,479,41,44,34,35,-26.0,-21.0,-24.0,-22.0,-9.0,-2.0,-2.0,-1.0,130.0,100.0,90.0,78.0,-39.0,-51.0,-52.0,-51.0,5.0,14.0,14.0,15.0
1,2020-06-11,23.0,23.0,601,462,479,439,44,34,35,31,-21.0,-24.0,-22.0,-21.0,-2.0,-2.0,-1.0,0.0,100.0,90.0,78.0,100.0,-51.0,-52.0,-51.0,-50.0,14.0,14.0,15.0,15.0
1,2020-06-12,7.0,7.0,462,479,439,436,34,35,31,29,-24.0,-22.0,-21.0,-25.0,-2.0,-1.0,0.0,-2.0,90.0,78.0,100.0,89.0,-52.0,-51.0,-50.0,-49.0,14.0,15.0,15.0,14.0
1,2020-06-13,9.0,9.0,479,439,436,448,35,31,29,28,-22.0,-21.0,-25.0,-25.0,-1.0,0.0,-2.0,-3.0,78.0,100.0,89.0,111.0,-51.0,-50.0,-49.0,-36.0,15.0,15.0,14.0,6.0
1,2020-06-14,10.0,10.0,439,436,448,361,31,29,28,19,-21.0,-25.0,-25.0,-22.0,0.0,-2.0,-3.0,-7.0,100.0,89.0,111.0,142.0,-50.0,-49.0,-36.0,-37.0,15.0,14.0,6.0,4.0
1,2020-06-15,19.0,19.0,436,448,361,359,29,28,19,8,-25.0,-25.0,-22.0,-18.0,-2.0,-3.0,-7.0,0.0,89.0,111.0,142.0,104.0,-49.0,-36.0,-37.0,-49.0,14.0,6.0,4.0,13.0
1,2020-06-16,12.0,12.0,448,361,359,324,28,19,8,24,-25.0,-22.0,-18.0,-18.0,-3.0,-7.0,0.0,3.0,111.0,142.0,104.0,136.0,-36.0,-37.0,-49.0,-47.0,6.0,4.0,13.0,13.0
1,2020-06-17,10.0,10.0,361,359,324,404,19,8,24,21,-22.0,-18.0,-18.0,-19.0,-7.0,0.0,3.0,2.0,142.0,104.0,136.0,123.0,-37.0,-49.0,-47.0,-47.0,4.0,13.0,13.0,13.0
1,2020-06-18,16.0,16.0,359,324,404,386,8,24,21,13,-18.0,-18.0,-19.0,-17.0,0.0,3.0,2.0,5.0,104.0,136.0,123.0,139.0,-49.0,-47.0,-47.0,-47.0,13.0,13.0,13.0,13.0
1,2020-06-19,7.0,7.0,324,404,386,437,24,21,13,25,-18.0,-19.0,-17.0,-21.0,3.0,2.0,5.0,4.0,136.0,123.0,139.0,128.0,-47.0,-47.0,-47.0,-45.0,13.0,13.0,13.0,11.0
1,2020-06-20,8.0,8.0,404,386,437,448,21,13,25,29,-19.0,-17.0,-21.0,-22.0,2.0,5.0,4.0,3.0,123.0,139.0,128.0,135.0,-47.0,-47.0,-45.0,-34.0,13.0,13.0,11.0,4.0
1,2020-06-21,2.0,2.0,386,437,448,316,13,25,29,17,-17.0,-21.0,-22.0,-17.0,5.0,4.0,3.0,-2.0,139.0,128.0,135.0,149.0,-47.0,-45.0,-34.0,-35.0,13.0,11.0,4.0,1.0
1,2020-06-22,13.0,13.0,437,448,316,340,25,29,17,20,-21.0,-22.0,-17.0,-16.0,4.0,3.0,-2.0,0.0,128.0,135.0,149.0,119.0,-45.0,-34.0,-35.0,-47.0,11.0,4.0,1.0,12.0
1,2020-06-23,7.0,7.0,448,316,340,349,29,17,20,24,-22.0,-17.0,-16.0,-17.0,3.0,-2.0,0.0,6.0,135.0,149.0,119.0,95.0,-34.0,-35.0,-47.0,-48.0,4.0,1.0,12.0,12.0
1,2020-06-24,12.0,12.0,316,340,349,320,17,20,24,30,-17.0,-16.0,-17.0,-23.0,-2.0,0.0,6.0,-8.0,149.0,119.0,95.0,122.0,-35.0,-47.0,-48.0,-49.0,1.0,12.0,12.0,15.0
1,2020-06-25,10.0,10.0,340,349,320,376,20,24,30,23,-16.0,-17.0,-23.0,-13.0,0.0,6.0,-8.0,7.0,119.0,95.0,122.0,142.0,-47.0,-48.0,-49.0,-44.0,12.0,12.0,15.0,12.0
1,2020-06-26,14.0,14.0,349,320,376,166,24,30,23,7,-17.0,-23.0,-13.0,-20.0,6.0,-8.0,7.0,1.0,95.0,122.0,142.0,129.0,-48.0,-49.0,-44.0,-42.0,12.0,15.0,12.0,11.0
1,2020-06-27,3.0,3.0,320,376,166,249,30,23,7,9,-23.0,-13.0,-20.0,-21.0,-8.0,7.0,1.0,-1.0,122.0,142.0,129.0,117.0,-49.0,-44.0,-42.0,-31.0,15.0,12.0,11.0,5.0
1,2020-06-28,5.0,5.0,376,166,249,315,23,7,9,10,-13.0,-20.0,-21.0,-17.0,7.0,1.0,-1.0,-5.0,142.0,129.0,117.0,153.0,-44.0,-42.0,-31.0,-32.0,12.0,11.0,5.0,2.0
1,2020-06-29,8.0,8.0,166,249,315,637,7,9,10,19,-20.0,-21.0,-17.0,-9.0,1.0,-1.0,-5.0,5.0,129.0,117.0,153.0,137.0,-42.0,-31.0,-32.0,-46.0,11.0,5.0,2.0,11.0
1,2020-06-30,5.0,5.0,249,315,637,267,9,10,19,12,-21.0,-17.0,-9.0,-2.0,-1.0,-5.0,5.0,21.0,117.0,153.0,137.0,133.0,-31.0,-32.0,-46.0,-44.0,5.0,2.0,11.0,10.0
1,2020-07-01,14.0,14.0,315,637,267,191,10,19,12,10,-17.0,-9.0,-2.0,-34.0,-5.0,5.0,21.0,-16.0,153.0,137.0,133.0,234.0,-32.0,-46.0,-44.0,-55.0,2.0,11.0,10.0,16.0
1,2020-07-02,12.0,12.0,637,267,191,355,19,12,10,16,-9.0,-2.0,-34.0,-9.0,5.0,21.0,-16.0,11.0,137.0,133.0,234.0,134.0,-46.0,-44.0,-55.0,-46.0,11.0,10.0,16.0,11.0
1,2020-07-03,10.0,10.0,267,191,355,319,12,10,16,7,-2.0,-34.0,-9.0,-15.0,21.0,-16.0,11.0,6.0,133.0,234.0,134.0,151.0,-44.0,-55.0,-46.0,-45.0,10.0,16.0,11.0,12.0
1,2020-07-04,3.0,3.0,191,355,319,223,10,16,7,8,-34.0,-9.0,-15.0,-19.0,-16.0,11.0,6.0,-1.0,234.0,134.0,151.0,183.0,-55.0,-46.0,-45.0,-31.0,16.0,11.0,12.0,3.0
1,2020-07-05,4.0,4.0,355,319,223,209,16,7,8,2,-9.0,-15.0,-19.0,-13.0,11.0,6.0,-1.0,-3.0,134.0,151.0,183.0,190.0,-46.0,-45.0,-31.0,-30.0,11.0,12.0,3.0,0.0
1,2020-07-06,4.0,4.0,319,223,209,421,7,8,2,13,-15.0,-19.0,-13.0,-9.0,6.0,-1.0,-3.0,5.0,151.0,183.0,190.0,156.0,-45.0,-31.0,-30.0,-45.0,12.0,3.0,0.0,10.0
1,2020-07-07,7.0,7.0,223,209,421,208,8,2,13,7,-19.0,-13.0,-9.0,-12.0,-1.0,-3.0,5.0,6.0,183.0,190.0,156.0,136.0,-31.0,-30.0,-45.0,-46.0,3.0,0.0,10.0,11.0
1,2020-07-08,4.0,4.0,209,421,208,311,2,13,7,12,-13.0,-9.0,-12.0,-12.0,-3.0,5.0,6.0,5.0,190.0,156.0,136.0,116.0,-30.0,-45.0,-46.0,-46.0,0.0,10.0,11.0,12.0
1,2020-07-09,8.0,8.0,421,208,311,322,13,7,12,10,-9.0,-12.0,-12.0,-11.0,5.0,6.0,5.0,6.0,156.0,136.0,116.0,136.0,-45.0,-46.0,-46.0,-45.0,10.0,11.0,12.0,11.0
1,2020-07-10,4.0,4.0,208,311,322,328,7,12,10,14,-12.0,-12.0,-11.0,-18.0,6.0,5.0,6.0,1.0,136.0,116.0,136.0,136.0,-46.0,-46.0,-45.0,-44.0,11.0,12.0,11.0,11.0
1,2020-07-11,4.0,4.0,311,322,328,166,12,10,14,3,-12.0,-11.0,-18.0,-20.0,5.0,6.0,1.0,-2.0,116.0,136.0,136.0,97.0,-46.0,-45.0,-44.0,-37.0,12.0,11.0,11.0,5.0
1,2020-07-12,4.0,4.0,322,328,166,198,10,14,3,5,-11.0,-18.0,-20.0,-12.0,6.0,1.0,-2.0,-2.0,136.0,136.0,97.0,169.0,-45.0,-44.0,-37.0,-31.0,11.0,11.0,5.0,1.0
1,2020-07-13,13.0,13.0,328,166,198,636,14,3,5,8,-18.0,-20.0,-12.0,-10.0,1.0,-2.0,-2.0,3.0,136.0,97.0,169.0,150.0,-44.0,-37.0,-31.0,-46.0,11.0,5.0,1.0,10.0
1,2020-07-14,10.0,10.0,166,198,636,366,3,5,8,5,-20.0,-12.0,-10.0,-11.0,-2.0,-2.0,3.0,5.0,97.0,169.0,150.0,165.0,-37.0,-31.0,-46.0,-46.0,5.0,1.0,10.0,11.0
1,2020-07-15,5.0,5.0,198,636,366,343,5,8,5,14,-12.0,-10.0,-11.0,-10.0,-2.0,3.0,5.0,5.0,169.0,150.0,165.0,159.0,-31.0,-46.0,-46.0,-45.0,1.0,10.0,11.0,10.0
1,2020-07-16,13.0,13.0,636,366,343,451,8,5,14,12,-10.0,-11.0,-10.0,-11.0,3.0,5.0,5.0,5.0,150.0,165.0,159.0,114.0,-46.0,-46.0,-45.0,-47.0,10.0,11.0,10.0,11.0
1,2020-07-17,6.0,6.0,366,343,451,415,5,14,12,10,-11.0,-10.0,-11.0,-15.0,5.0,5.0,5.0,4.0,165.0,159.0,114.0,141.0,-46.0,-45.0,-47.0,-44.0,11.0,10.0,11.0,10.0
1,2020-07-18,4.0,4.0,343,451,415,316,14,12,10,3,-10.0,-11.0,-15.0,-18.0,5.0,5.0,4.0,1.0,159.0,114.0,141.0,193.0,-45.0,-47.0,-44.0,-29.0,10.0,11.0,10.0,2.0
1,2020-07-19,3.0,3.0,451,415,316,293,12,10,3,4,-11.0,-15.0,-18.0,-15.0,5.0,4.0,1.0,-4.0,114.0,141.0,193.0,154.0,-47.0,-44.0,-29.0,-34.0,11.0,10.0,2.0,1.0
1,2020-07-20,3.0,3.0,415,316,293,770,10,3,4,4,-15.0,-18.0,-15.0,-7.0,4.0,1.0,-4.0,7.0,141.0,193.0,154.0,183.0,-44.0,-29.0,-34.0,-45.0,10.0,2.0,1.0,10.0
1,2020-07-21,8.0,8.0,316,293,770,535,3,4,4,7,-18.0,-15.0,-7.0,-10.0,1.0,-4.0,7.0,7.0,193.0,154.0,183.0,189.0,-29.0,-34.0,-45.0,-46.0,2.0,1.0,10.0,10.0
1,2020-07-22,6.0,6.0,293,770,535,317,4,4,7,4,-15.0,-7.0,-10.0,-12.0,-4.0,7.0,7.0,4.0,154.0,183.0,189.0,134.0,-34.0,-45.0,-46.0,-47.0,1.0,10.0,10.0,11.0
1,2020-07-23,6.0,6.0,770,535,317,608,4,7,4,8,-7.0,-10.0,-12.0,-10.0,7.0,7.0,4.0,6.0,183.0,189.0,134.0,157.0,-45.0,-46.0,-47.0,-46.0,10.0,10.0,11.0,11.0
1,2020-07-24,5.0,5.0,535,317,608,717,7,4,8,4,-10.0,-12.0,-10.0,-17.0,7.0,4.0,6.0,2.0,189.0,134.0,157.0,162.0,-46.0,-47.0,-46.0,-44.0,10.0,11.0,11.0,10.0
1,2020-07-25,4.0,4.0,317,608,717,355,4,8,4,4,-12.0,-10.0,-17.0,-18.0,4.0,6.0,2.0,-1.0,134.0,157.0,162.0,201.0,-47.0,-46.0,-44.0,-29.0,11.0,11.0,10.0,2.0
1,2020-07-26,3.0,3.0,608,717,355,319,8,4,4,4,-10.0,-17.0,-18.0,-12.0,6.0,2.0,-1.0,-3.0,157.0,162.0,201.0,191.0,-46.0,-44.0,-29.0,-31.0,11.0,10.0,2.0,0.0
1,2020-07-27,7.0,7.0,717,355,319,682,4,4,4,13,-17.0,-18.0,-12.0,-10.0,2.0,-1.0,-3.0,4.0,162.0,201.0,191.0,145.0,-44.0,-29.0,-31.0,-47.0,10.0,2.0,0.0,11.0
1,2020-07-28,6.0,6.0,355,319,682,400,4,4,13,10,-18.0,-12.0,-10.0,-10.0,-1.0,-3.0,4.0,7.0,201.0,191.0,145.0,182.0,-29.0,-31.0,-47.0,-47.0,2.0,0.0,11.0,10.0
1,2020-07-29,5.0,5.0,319,682,400,486,4,13,10,5,-12.0,-10.0,-10.0,-9.0,-3.0,4.0,7.0,7.0,191.0,145.0,182.0,157.0,-31.0,-47.0,-47.0,-45.0,0.0,11.0,10.0,11.0
1,2020-07-30,6.0,6.0,682,400,486,320,13,10,5,13,-10.0,-10.0,-9.0,-7.0,4.0,7.0,7.0,9.0,145.0,182.0,157.0,171.0,-47.0,-47.0,-45.0,-45.0,11.0,10.0,11.0,10.0
1,2020-07-31,4.0,4.0,400,486,320,604,10,5,13,6,-10.0,-9.0,-7.0,-13.0,7.0,7.0,9.0,7.0,182.0,157.0,171.0,174.0,-47.0,-45.0,-45.0,-41.0,10.0,11.0,10.0,9.0
1,2020-08-01,6.0,6.0,486,320,604,242,5,13,6,4,-9.0,-7.0,-13.0,-17.0,7.0,9.0,7.0,0.0,157.0,171.0,174.0,211.0,-45.0,-45.0,-41.0,-28.0,11.0,10.0,9.0,1.0
1,2020-08-02,5.0,5.0,320,604,242,245,13,6,4,3,-7.0,-13.0,-17.0,-13.0,9.0,7.0,0.0,-4.0,171.0,174.0,211.0,151.0,-45.0,-41.0,-28.0,-36.0,10.0,9.0,1.0,1.0
1,2020-08-03,2.0,2.0,604,242,245,205,6,4,3,3,-13.0,-17.0,-13.0,-17.0,7.0,0.0,-4.0,-8.0,174.0,211.0,151.0,209.0,-41.0,-28.0,-36.0,-54.0,9.0,1.0,1.0,14.0
1,2020-08-04,10.0,10.0,242,245,205,686,4,3,3,8,-17.0,-13.0,-17.0,-12.0,0.0,-4.0,-8.0,5.0,211.0,151.0,209.0,107.0,-28.0,-36.0,-54.0,-48.0,1.0,1.0,14.0,11.0
1,2020-08-05,6.0,6.0,245,205,686,374,3,3,8,6,-13.0,-17.0,-12.0,-7.0,-4.0,-8.0,5.0,8.0,151.0,209.0,107.0,164.0,-36.0,-54.0,-48.0,-43.0,1.0,14.0,11.0,10.0
1,2020-08-06,3.0,3.0,205,686,374,354,3,8,6,6,-17.0,-12.0,-7.0,-8.0,-8.0,5.0,8.0,6.0,209.0,107.0,164.0,176.0,-54.0,-48.0,-43.0,-44.0,14.0,11.0,10.0,10.0
1,2020-08-07,14.0,14.0,686,374,354,516,8,6,6,5,-12.0,-7.0,-8.0,-16.0,5.0,8.0,6.0,0.0,107.0,164.0,176.0,155.0,-48.0,-43.0,-44.0,-43.0,11.0,10.0,10.0,9.0
1,2020-08-08,1.0,1.0,374,354,516,245,6,6,5,4,-7.0,-8.0,-16.0,-16.0,8.0,6.0,0.0,-2.0,164.0,176.0,155.0,197.0,-43.0,-44.0,-43.0,-29.0,10.0,10.0,9.0,1.0
1,2020-08-09,4.0,4.0,354,516,245,219,6,5,4,3,-8.0,-16.0,-16.0,-11.0,6.0,0.0,-2.0,-4.0,176.0,155.0,197.0,187.0,-44.0,-43.0,-29.0,-30.0,10.0,9.0,1.0,0.0
1,2020-08-10,8.0,8.0,516,245,219,686,5,4,3,7,-16.0,-16.0,-11.0,-8.0,0.0,-2.0,-4.0,2.0,155.0,197.0,187.0,169.0,-43.0,-29.0,-30.0,-46.0,9.0,1.0,0.0,9.0
1,2020-08-11,5.0,5.0,245,219,686,336,4,3,7,6,-16.0,-11.0,-8.0,-11.0,-2.0,-4.0,2.0,3.0,197.0,187.0,169.0,147.0,-29.0,-30.0,-46.0,-47.0,1.0,0.0,9.0,10.0
1,2020-08-12,5.0,5.0,219,686,336,314,3,7,6,5,-11.0,-8.0,-11.0,-9.0,-4.0,2.0,3.0,4.0,187.0,169.0,147.0,170.0,-30.0,-46.0,-47.0,-44.0,0.0,9.0,10.0,9.0
1,2020-08-13,4.0,4.0,686,336,314,477,7,6,5,6,-8.0,-11.0,-9.0,-8.0,2.0,3.0,4.0,4.0,169.0,147.0,170.0,178.0,-46.0,-47.0,-44.0,-44.0,9.0,10.0,9.0,9.0
1,2020-08-14,13.0,13.0,336,314,477,425,6,5,6,4,-11.0,-9.0,-8.0,-14.0,3.0,4.0,4.0,1.0,147.0,170.0,178.0,164.0,-47.0,-44.0,-44.0,-42.0,10.0,9.0,9.0,9.0
1,2020-08-15,3.0,3.0,314,477,425,220,5,6,4,6,-9.0,-8.0,-14.0,-15.0,4.0,4.0,1.0,-1.0,170.0,178.0,164.0,202.0,-44.0,-44.0,-42.0,-28.0,9.0,9.0,9.0,1.0
1,2020-08-16,1.0,1.0,477,425,220,179,6,4,6,5,-8.0,-14.0,-15.0,-10.0,4.0,1.0,-1.0,-3.0,178.0,164.0,202.0,188.0,-44.0,-42.0,-28.0,-30.0,9.0,9.0,1.0,-1.0
1,2020-08-17,8.0,8.0,425,220,179,214,4,6,5,2,-14.0,-15.0,-10.0,-10.0,1.0,-1.0,-3.0,1.0,164.0,202.0,188.0,139.0,-42.0,-28.0,-30.0,-47.0,9.0,1.0,-1.0,9.0
1,2020-08-18,4.0,4.0,220,179,214,866,6,5,2,10,-15.0,-10.0,-10.0,-10.0,-1.0,-3.0,1.0,3.0,202.0,188.0,139.0,153.0,-28.0,-30.0,-47.0,-46.0,1.0,-1.0,9.0,10.0
1,2020-08-19,2.0,2.0,179,214,866,324,5,2,10,6,-10.0,-10.0,-10.0,-10.0,-3.0,1.0,3.0,2.0,188.0,139.0,153.0,155.0,-30.0,-47.0,-46.0,-44.0,-1.0,9.0,10.0,9.0
1,2020-08-20,6.0,6.0,214,866,324,217,2,10,6,3,-10.0,-10.0,-10.0,-7.0,1.0,3.0,2.0,4.0,139.0,153.0,155.0,143.0,-47.0,-46.0,-44.0,-44.0,9.0,10.0,9.0,9.0
1,2020-08-21,1.0,1.0,866,324,217,694,10,6,3,14,-10.0,-10.0,-7.0,-15.0,3.0,2.0,4.0,0.0,153.0,155.0,143.0,125.0,-46.0,-44.0,-44.0,-43.0,10.0,9.0,9.0,9.0
1,2020-08-22,1.0,1.0,324,217,694,241,6,3,14,1,-10.0,-7.0,-15.0,-15.0,2.0,4.0,0.0,-2.0,155.0,143.0,125.0,184.0,-44.0,-44.0,-43.0,-28.0,9.0,9.0,9.0,1.0
1,2020-08-23,2.0,2.0,217,694,241,257,3,14,1,4,-7.0,-15.0,-15.0,-10.0,4.0,0.0,-2.0,-3.0,143.0,125.0,184.0,169.0,-44.0,-43.0,-28.0,-30.0,9.0,9.0,1.0,0.0
1,2020-08-24,3.0,3.0,694,241,257,777,14,1,4,8,-15.0,-15.0,-10.0,-9.0,0.0,-2.0,-3.0,0.0,125.0,184.0,169.0,134.0,-43.0,-28.0,-30.0,-46.0,9.0,1.0,0.0,9.0
1,2020-08-25,7.0,7.0,241,257,777,309,1,4,8,5,-15.0,-10.0,-9.0,-10.0,-2.0,-3.0,0.0,4.0,184.0,169.0,134.0,145.0,-28.0,-30.0,-46.0,-45.0,1.0,0.0,9.0,9.0
1,2020-08-26,4.0,4.0,257,777,309,477,4,8,5,5,-10.0,-9.0,-10.0,-9.0,-3.0,0.0,4.0,2.0,169.0,134.0,145.0,126.0,-30.0,-46.0,-45.0,-44.0,0.0,9.0,9.0,9.0
1,2020-08-27,8.0,8.0,777,309,477,456,8,5,5,4,-9.0,-10.0,-9.0,-7.0,0.0,4.0,2.0,4.0,134.0,145.0,126.0,134.0,-46.0,-45.0,-44.0,-43.0,9.0,9.0,9.0,9.0
1,2020-08-28,0.0,0.0,309,477,456,506,5,5,4,13,-10.0,-9.0,-7.0,-14.0,4.0,2.0,4.0,0.0,145.0,126.0,134.0,134.0,-45.0,-44.0,-43.0,-41.0,9.0,9.0,9.0,8.0
1,2020-08-29,2.0,2.0,477,456,506,297,5,4,13,3,-9.0,-7.0,-14.0,-16.0,2.0,4.0,0.0,-2.0,126.0,134.0,134.0,97.0,-44.0,-43.0,-41.0,-33.0,9.0,9.0,8.0,3.0
1,2020-08-30,3.0,3.0,456,506,297,249,4,13,3,1,-7.0,-14.0,-16.0,-7.0,4.0,0.0,-2.0,0.0,134.0,134.0,97.0,152.0,-43.0,-41.0,-33.0,-28.0,9.0,8.0,3.0,0.0
1,2020-08-31,13.0,13.0,506,297,249,1030,13,3,1,8,-14.0,-16.0,-7.0,-7.0,0.0,-2.0,0.0,3.0,134.0,97.0,152.0,131.0,-41.0,-33.0,-28.0,-42.0,8.0,3.0,0.0,8.0
1,2020-09-01,8.0,8.0,297,249,1030,504,3,1,8,4,-16.0,-7.0,-7.0,-8.0,-2.0,0.0,3.0,5.0,97.0,152.0,131.0,122.0,-33.0,-28.0,-42.0,-42.0,3.0,0.0,8.0,9.0
1,2020-09-02,5.0,5.0,249,1030,504,519,1,8,4,2,-7.0,-7.0,-8.0,-10.0,0.0,3.0,5.0,1.0,152.0,131.0,122.0,88.0,-28.0,-42.0,-42.0,-44.0,0.0,8.0,9.0,10.0
1,2020-09-03,5.0,5.0,1030,504,519,586,8,4,2,6,-7.0,-8.0,-10.0,-8.0,3.0,5.0,1.0,3.0,131.0,122.0,88.0,138.0,-42.0,-42.0,-44.0,-41.0,8.0,9.0,10.0,8.0
1,2020-09-04,12.0,12.0,504,519,586,614,4,2,6,1,-8.0,-10.0,-8.0,-11.0,5.0,1.0,3.0,4.0,122.0,88.0,138.0,134.0,-42.0,-44.0,-41.0,-39.0,9.0,10.0,8.0,7.0
1,2020-09-05,7.0,7.0,519,586,614,370,2,6,1,1,-10.0,-8.0,-11.0,-13.0,1.0,3.0,4.0,1.0,88.0,138.0,134.0,163.0,-44.0,-41.0,-39.0,-28.0,10.0,8.0,7.0,1.0
1,2020-09-06,2.0,2.0,586,614,370,379,6,1,1,2,-8.0,-11.0,-13.0,-2.0,3.0,4.0,1.0,2.0,138.0,134.0,163.0,212.0,-41.0,-39.0,-28.0,-28.0,8.0,7.0,1.0,-1.0
1,2020-09-07,12.0,12.0,614,370,379,405,1,1,2,3,-11.0,-13.0,-2.0,-33.0,4.0,1.0,2.0,-29.0,134.0,163.0,212.0,146.0,-39.0,-28.0,-28.0,-60.0,7.0,1.0,-1.0,17.0
1,2020-09-08,9.0,9.0,370,379,405,1462,1,2,3,7,-13.0,-2.0,-33.0,-9.0,1.0,2.0,-29.0,11.0,163.0,212.0,146.0,81.0,-28.0,-28.0,-60.0,-44.0,1.0,-1.0,17.0,9.0
1,2020-09-09,8.0,8.0,379,405,1462,378,2,3,7,4,-2.0,-33.0,-9.0,-12.0,2.0,-29.0,11.0,2.0,212.0,146.0,81.0,84.0,-28.0,-60.0,-44.0,-44.0,-1.0,17.0,9.0,9.0
1,2020-09-10,8.0,8.0,405,1462,378,821,3,7,4,8,-33.0,-9.0,-12.0,-10.0,-29.0,11.0,2.0,2.0,146.0,81.0,84.0,96.0,-60.0,-44.0,-44.0,-43.0,17.0,9.0,9.0,9.0
1,2020-09-11,7.0,7.0,1462,378,821,720,7,4,8,0,-9.0,-12.0,-10.0,-14.0,11.0,2.0,2.0,-1.0,81.0,84.0,96.0,107.0,-44.0,-44.0,-43.0,-41.0,9.0,9.0,9.0,8.0
1,2020-09-12,6.0,6.0,378,821,720,488,4,8,0,2,-12.0,-10.0,-14.0,-12.0,2.0,2.0,-1.0,0.0,84.0,96.0,107.0,133.0,-44.0,-43.0,-41.0,-29.0,9.0,9.0,8.0,2.0
1,2020-09-13,5.0,5.0,821,720,488,476,8,0,2,3,-10.0,-14.0,-12.0,-12.0,2.0,-1.0,0.0,-3.0,96.0,107.0,133.0,77.0,-43.0,-41.0,-29.0,-36.0,9.0,8.0,2.0,2.0
1,2020-09-14,17.0,17.0,720,488,476,1458,0,2,3,13,-14.0,-12.0,-12.0,-11.0,-1.0,0.0,-3.0,-2.0,107.0,133.0,77.0,78.0,-41.0,-29.0,-36.0,-45.0,8.0,2.0,2.0,9.0
1,2020-09-15,13.0,13.0,488,476,1458,802,2,3,13,8,-12.0,-12.0,-11.0,-11.0,0.0,-3.0,-2.0,1.0,133.0,77.0,78.0,80.0,-29.0,-36.0,-45.0,-45.0,2.0,2.0,9.0,9.0
1,2020-09-16,18.0,18.0,476,1458,802,952,3,13,8,5,-12.0,-11.0,-11.0,-13.0,-3.0,-2.0,1.0,-3.0,77.0,78.0,80.0,90.0,-36.0,-45.0,-45.0,-43.0,2.0,9.0,9.0,9.0
1,2020-09-17,16.0,16.0,1458,802,952,1027,13,8,5,5,-11.0,-11.0,-13.0,-12.0,-2.0,1.0,-3.0,-2.0,78.0,80.0,90.0,89.0,-45.0,-45.0,-43.0,-44.0,9.0,9.0,9.0,9.0
1,2020-09-18,98.0,98.0,802,952,1027,1174,8,5,5,12,-11.0,-13.0,-12.0,-14.0,1.0,-3.0,-2.0,-3.0,80.0,90.0,89.0,74.0,-45.0,-43.0,-44.0,-43.0,9.0,9.0,9.0,9.0
1,2020-09-19,21.0,21.0,952,1027,1174,554,5,5,12,7,-13.0,-12.0,-14.0,-13.0,-3.0,-2.0,-3.0,-1.0,90.0,89.0,74.0,102.0,-43.0,-44.0,-43.0,-33.0,9.0,9.0,9.0,3.0
1,2020-09-20,44.0,44.0,1027,1174,554,1143,5,12,7,2,-12.0,-14.0,-13.0,-8.0,-2.0,-3.0,-1.0,-1.0,89.0,74.0,102.0,133.0,-44.0,-43.0,-33.0,-33.0,9.0,9.0,3.0,1.0
1,2020-09-21,29.0,29.0,1174,554,1143,1833,12,7,2,12,-14.0,-13.0,-8.0,-13.0,-3.0,-1.0,-1.0,-2.0,74.0,102.0,133.0,85.0,-43.0,-33.0,-33.0,-46.0,9.0,3.0,1.0,9.0
1,2020-09-22,18.0,18.0,554,1143,1833,1272,7,2,12,9,-13.0,-8.0,-13.0,-15.0,-1.0,-1.0,-2.0,-1.0,102.0,133.0,85.0,83.0,-33.0,-33.0,-46.0,-46.0,3.0,1.0,9.0,9.0
1,2020-09-23,19.0,19.0,1143,1833,1272,1084,2,12,9,8,-8.0,-13.0,-15.0,-17.0,-1.0,-2.0,-1.0,-3.0,133.0,85.0,83.0,65.0,-33.0,-46.0,-46.0,-47.0,1.0,9.0,9.0,10.0
1,2020-09-24,18.0,18.0,1833,1272,1084,1148,12,9,8,8,-13.0,-15.0,-17.0,-15.0,-2.0,-1.0,-3.0,-1.0,85.0,83.0,65.0,65.0,-46.0,-46.0,-47.0,-46.0,9.0,9.0,10.0,10.0
1,2020-09-25,14.0,14.0,1272,1084,1148,1630,9,8,8,7,-15.0,-17.0,-15.0,-17.0,-1.0,-3.0,-1.0,-3.0,83.0,65.0,65.0,73.0,-46.0,-47.0,-46.0,-45.0,9.0,10.0,10.0,9.0
1,2020-09-26,26.0,26.0,1084,1148,1630,1053,8,8,7,6,-17.0,-15.0,-17.0,-14.0,-3.0,-1.0,-3.0,0.0,65.0,65.0,73.0,113.0,-47.0,-46.0,-45.0,-35.0,10.0,10.0,9.0,3.0
1,2020-09-27,14.0,14.0,1148,1630,1053,1658,8,7,6,5,-15.0,-17.0,-14.0,-11.0,-1.0,-3.0,0.0,-1.0,65.0,73.0,113.0,123.0,-46.0,-45.0,-35.0,-36.0,10.0,9.0,3.0,2.0
1,2020-09-28,12.0,12.0,1630,1053,1658,1791,7,6,5,17,-17.0,-14.0,-11.0,-16.0,-3.0,0.0,-1.0,-2.0,73.0,113.0,123.0,67.0,-45.0,-35.0,-36.0,-47.0,9.0,3.0,2.0,9.0
1,2020-09-29,32.0,32.0,1053,1658,1791,1772,6,5,17,13,-14.0,-11.0,-16.0,-16.0,0.0,-1.0,-2.0,0.0,113.0,123.0,67.0,52.0,-35.0,-36.0,-47.0,-48.0,3.0,2.0,9.0,10.0
1,2020-09-30,25.0,25.0,1658,1791,1772,2116,5,17,13,18,-11.0,-16.0,-16.0,-15.0,-1.0,-2.0,0.0,0.0,123.0,67.0,52.0,32.0,-36.0,-47.0,-48.0,-47.0,2.0,9.0,10.0,10.0
1,2020-10-01,19.0,19.0,1791,1772,2116,1823,17,13,18,16,-16.0,-16.0,-15.0,-15.0,-2.0,0.0,0.0,2.0,67.0,52.0,32.0,52.0,-47.0,-48.0,-47.0,-47.0,9.0,10.0,10.0,10.0
1,2020-10-02,32.0,32.0,1772,2116,1823,2124,13,18,16,98,-16.0,-15.0,-15.0,-20.0,0.0,0.0,2.0,-3.0,52.0,32.0,52.0,36.0,-48.0,-47.0,-47.0,-46.0,10.0,10.0,10.0,11.0
1,2020-10-03,8.0,8.0,2116,1823,2124,1306,18,16,98,21,-15.0,-15.0,-20.0,-16.0,0.0,2.0,-3.0,0.0,32.0,52.0,36.0,83.0,-47.0,-47.0,-46.0,-36.0,10.0,10.0,11.0,5.0
1,2020-10-04,24.0,24.0,1823,2124,1306,2141,16,98,21,44,-15.0,-20.0,-16.0,-16.0,2.0,-3.0,0.0,-2.0,52.0,36.0,83.0,59.0,-47.0,-46.0,-36.0,-41.0,10.0,11.0,5.0,4.0
1,2020-10-05,31.0,31.0,2124,1306,2141,2883,98,21,44,29,-20.0,-16.0,-16.0,-17.0,-3.0,0.0,-2.0,-1.0,36.0,83.0,59.0,53.0,-46.0,-36.0,-41.0,-47.0,11.0,5.0,4.0,10.0
1,2020-10-06,18.0,18.0,1306,2141,2883,2372,21,44,29,18,-16.0,-16.0,-17.0,-18.0,0.0,-2.0,-1.0,1.0,83.0,59.0,53.0,57.0,-36.0,-41.0,-47.0,-47.0,5.0,4.0,10.0,10.0
1,2020-10-07,37.0,37.0,2141,2883,2372,1624,44,29,18,19,-16.0,-17.0,-18.0,-20.0,-2.0,-1.0,1.0,-2.0,59.0,53.0,57.0,29.0,-41.0,-47.0,-47.0,-49.0,4.0,10.0,10.0,11.0
1,2020-10-08,31.0,31.0,2883,2372,1624,2350,29,18,19,18,-17.0,-18.0,-20.0,-16.0,-1.0,1.0,-2.0,2.0,53.0,57.0,29.0,43.0,-47.0,-47.0,-49.0,-47.0,10.0,10.0,11.0,10.0
1,2020-10-09,27.0,27.0,2372,1624,2350,2895,18,19,18,14,-18.0,-20.0,-16.0,-19.0,1.0,-2.0,2.0,3.0,57.0,29.0,43.0,43.0,-47.0,-49.0,-47.0,-46.0,10.0,11.0,10.0,11.0
1,2020-10-10,22.0,22.0,1624,2350,2895,2142,19,18,14,26,-20.0,-16.0,-19.0,-21.0,-2.0,2.0,3.0,3.0,29.0,43.0,43.0,71.0,-49.0,-47.0,-46.0,-39.0,11.0,10.0,11.0,6.0
1,2020-10-11,31.0,31.0,2350,2895,2142,1636,18,14,26,14,-16.0,-19.0,-21.0,-21.0,2.0,3.0,3.0,-2.0,43.0,43.0,71.0,81.0,-47.0,-46.0,-39.0,-43.0,10.0,11.0,6.0,3.0
1,2020-10-12,38.0,38.0,2895,2142,1636,975,14,26,14,12,-19.0,-21.0,-21.0,-43.0,3.0,3.0,-2.0,-29.0,43.0,71.0,81.0,107.0,-46.0,-39.0,-43.0,-66.0,11.0,6.0,3.0,20.0
1,2020-10-13,25.0,25.0,2142,1636,975,4111,26,14,12,32,-21.0,-21.0,-43.0,-22.0,3.0,-2.0,-29.0,-2.0,71.0,81.0,107.0,29.0,-39.0,-43.0,-66.0,-49.0,6.0,3.0,20.0,11.0
1,2020-10-14,38.0,38.0,1636,975,4111,2575,14,12,32,25,-21.0,-43.0,-22.0,-20.0,-2.0,-29.0,-2.0,-2.0,81.0,107.0,29.0,45.0,-43.0,-66.0,-49.0,-47.0,3.0,20.0,11.0,11.0
1,2020-10-15,34.0,34.0,975,4111,2575,2298,12,32,25,19,-43.0,-22.0,-20.0,-20.0,-29.0,-2.0,-2.0,-3.0,107.0,29.0,45.0,22.0,-66.0,-49.0,-47.0,-49.0,20.0,11.0,11.0,12.0
1,2020-10-16,45.0,45.0,4111,2575,2298,2566,32,25,19,32,-22.0,-20.0,-20.0,-22.0,-2.0,-2.0,-3.0,-4.0,29.0,45.0,22.0,14.0,-49.0,-47.0,-49.0,-48.0,11.0,11.0,12.0,12.0
1,2020-10-17,39.0,39.0,2575,2298,2566,139,25,19,32,8,-20.0,-20.0,-22.0,-18.0,-2.0,-3.0,-4.0,-1.0,45.0,22.0,14.0,59.0,-47.0,-49.0,-48.0,-38.0,11.0,12.0,12.0,7.0
1,2020-10-18,37.0,37.0,2298,2566,139,3737,19,32,8,24,-20.0,-22.0,-18.0,-19.0,-3.0,-4.0,-1.0,-5.0,22.0,14.0,59.0,45.0,-49.0,-48.0,-38.0,-43.0,12.0,12.0,7.0,6.0
1,2020-10-19,32.0,32.0,2566,139,3737,3307,32,8,24,31,-22.0,-18.0,-19.0,-22.0,-4.0,-1.0,-5.0,-7.0,14.0,59.0,45.0,6.0,-48.0,-38.0,-43.0,-51.0,12.0,7.0,6.0,12.0
1,2020-10-20,58.0,58.0,139,3737,3307,2238,8,24,31,18,-18.0,-19.0,-22.0,-19.0,-1.0,-5.0,-7.0,0.0,59.0,45.0,6.0,29.0,-38.0,-43.0,-51.0,-49.0,7.0,6.0,12.0,11.0
1,2020-10-21,41.0,41.0,3737,3307,2238,2687,24,31,18,37,-19.0,-22.0,-19.0,-22.0,-5.0,-7.0,0.0,-4.0,45.0,6.0,29.0,12.0,-43.0,-51.0,-49.0,-49.0,6.0,12.0,11.0,12.0
1,2020-10-22,40.0,40.0,3307,2238,2687,2581,31,18,37,31,-22.0,-19.0,-22.0,-19.0,-7.0,0.0,-4.0,-2.0,6.0,29.0,12.0,28.0,-51.0,-49.0,-49.0,-47.0,12.0,11.0,12.0,12.0
1,2020-10-23,62.0,62.0,2238,2687,2581,2902,18,37,31,27,-19.0,-22.0,-19.0,-22.0,0.0,-4.0,-2.0,-5.0,29.0,12.0,28.0,41.0,-49.0,-49.0,-47.0,-46.0,11.0,12.0,12.0,12.0
1,2020-10-24,47.0,47.0,2687,2581,2902,1532,37,31,27,22,-22.0,-19.0,-22.0,-19.0,-4.0,-2.0,-5.0,0.0,12.0,28.0,41.0,36.0,-49.0,-47.0,-46.0,-39.0,12.0,12.0,12.0,7.0
1,2020-10-25,48.0,48.0,2581,2902,1532,2823,31,27,22,31,-19.0,-22.0,-19.0,-18.0,-2.0,-5.0,0.0,-4.0,28.0,41.0,36.0,42.0,-47.0,-46.0,-39.0,-42.0,12.0,12.0,7.0,5.0
1,2020-10-26,61.0,61.0,2902,1532,2823,4099,27,22,31,38,-22.0,-19.0,-18.0,-21.0,-5.0,0.0,-4.0,-7.0,41.0,36.0,42.0,5.0,-46.0,-39.0,-42.0,-50.0,12.0,7.0,5.0,12.0
1,2020-10-27,67.0,67.0,1532,2823,4099,2730,22,31,38,25,-19.0,-18.0,-21.0,-22.0,0.0,-4.0,-7.0,-3.0,36.0,42.0,5.0,6.0,-39.0,-42.0,-50.0,-49.0,7.0,5.0,12.0,12.0
1,2020-10-28,63.0,63.0,2823,4099,2730,2663,31,38,25,38,-18.0,-21.0,-22.0,-19.0,-4.0,-7.0,-3.0,-1.0,42.0,5.0,6.0,17.0,-42.0,-50.0,-49.0,-47.0,5.0,12.0,12.0,11.0
1,2020-10-29,73.0,73.0,4099,2730,2663,3017,38,25,38,34,-21.0,-22.0,-19.0,-17.0,-7.0,-3.0,-1.0,0.0,5.0,6.0,17.0,8.0,-50.0,-49.0,-47.0,-49.0,12.0,12.0,11.0,11.0
1,2020-10-30,46.0,46.0,2730,2663,3017,3556,25,38,34,45,-22.0,-19.0,-17.0,-20.0,-3.0,-1.0,0.0,1.0,6.0,17.0,8.0,2.0,-49.0,-47.0,-49.0,-47.0,12.0,11.0,11.0,11.0
1,2020-10-31,62.0,62.0,2663,3017,3556,2374,38,34,45,39,-19.0,-17.0,-20.0,-19.0,-1.0,0.0,1.0,4.0,17.0,8.0,2.0,36.0,-47.0,-49.0,-47.0,-35.0,11.0,11.0,11.0,6.0
1,2020-11-01,65.0,65.0,3017,3556,2374,2336,34,45,39,37,-17.0,-20.0,-19.0,-21.0,0.0,1.0,4.0,-5.0,8.0,2.0,36.0,8.0,-49.0,-47.0,-35.0,-44.0,11.0,11.0,6.0,6.0
1,2020-11-02,74.0,74.0,3556,2374,2336,3529,45,39,37,32,-20.0,-19.0,-21.0,-22.0,1.0,4.0,-5.0,-7.0,2.0,36.0,8.0,1.0,-47.0,-35.0,-44.0,-51.0,11.0,6.0,6.0,11.0
1,2020-11-03,68.0,68.0,2374,2336,3529,4738,39,37,32,58,-19.0,-21.0,-22.0,-23.0,4.0,-5.0,-7.0,-5.0,36.0,8.0,1.0,-1.0,-35.0,-44.0,-51.0,-51.0,6.0,6.0,11.0,12.0
1,2020-11-04,104.0,104.0,2336,3529,4738,2782,37,32,58,41,-21.0,-22.0,-23.0,-23.0,-5.0,-7.0,-5.0,-6.0,8.0,1.0,-1.0,18.0,-44.0,-51.0,-51.0,-49.0,6.0,11.0,12.0,12.0
1,2020-11-05,70.0,70.0,3529,4738,2782,2784,32,58,41,40,-22.0,-23.0,-23.0,-20.0,-7.0,-5.0,-6.0,-4.0,1.0,-1.0,18.0,30.0,-51.0,-51.0,-49.0,-49.0,11.0,12.0,12.0,12.0
1,2020-11-06,67.0,67.0,4738,2782,2784,5393,58,41,40,62,-23.0,-23.0,-20.0,-22.0,-5.0,-6.0,-4.0,-4.0,-1.0,18.0,30.0,29.0,-51.0,-49.0,-49.0,-47.0,12.0,12.0,12.0,12.0
1,2020-11-07,66.0,66.0,2782,2784,5393,4346,41,40,62,47,-23.0,-20.0,-22.0,-20.0,-6.0,-4.0,-4.0,-4.0,18.0,30.0,29.0,63.0,-49.0,-49.0,-47.0,-39.0,12.0,12.0,12.0,7.0
1,2020-11-08,56.0,56.0,2784,5393,4346,3944,40,62,47,48,-20.0,-22.0,-20.0,-18.0,-4.0,-4.0,-4.0,-6.0,30.0,29.0,63.0,87.0,-49.0,-47.0,-39.0,-41.0,12.0,12.0,7.0,5.0
1,2020-11-09,79.0,79.0,5393,4346,3944,4871,62,47,48,61,-22.0,-20.0,-18.0,-21.0,-4.0,-4.0,-6.0,-6.0,29.0,63.0,87.0,35.0,-47.0,-39.0,-41.0,-51.0,12.0,7.0,5.0,12.0
1,2020-11-10,100.0,100.0,4346,3944,4871,4445,47,48,61,67,-20.0,-18.0,-21.0,-19.0,-4.0,-6.0,-6.0,-1.0,63.0,87.0,35.0,48.0,-39.0,-41.0,-51.0,-49.0,7.0,5.0,12.0,11.0
1,2020-11-11,58.0,58.0,3944,4871,4445,3984,48,61,67,63,-18.0,-21.0,-19.0,-25.0,-6.0,-6.0,-1.0,-7.0,87.0,35.0,48.0,24.0,-41.0,-51.0,-49.0,-55.0,5.0,12.0,11.0,16.0
1,2020-11-12,82.0,82.0,4871,4445,3984,5474,61,67,63,73,-21.0,-19.0,-25.0,-21.0,-6.0,-1.0,-7.0,-3.0,35.0,48.0,24.0,7.0,-51.0,-49.0,-55.0,-51.0,12.0,11.0,16.0,13.0
1,2020-11-13,86.0,86.0,4445,3984,5474,4770,67,63,73,46,-19.0,-25.0,-21.0,-23.0,-1.0,-7.0,-3.0,-4.0,48.0,24.0,7.0,-7.0,-49.0,-55.0,-51.0,-50.0,11.0,16.0,13.0,14.0
1,2020-11-14,68.0,68.0,3984,5474,4770,4430,63,73,46,62,-25.0,-21.0,-23.0,-21.0,-7.0,-3.0,-4.0,-2.0,24.0,7.0,-7.0,11.0,-55.0,-51.0,-50.0,-43.0,16.0,13.0,14.0,8.0
1,2020-11-15,74.0,74.0,5474,4770,4430,4301,73,46,62,65,-21.0,-23.0,-21.0,-25.0,-3.0,-4.0,-2.0,-11.0,7.0,-7.0,11.0,-13.0,-51.0,-50.0,-43.0,-50.0,13.0,14.0,8.0,7.0
1,2020-11-16,109.0,109.0,4770,4430,4301,6033,46,62,65,74,-23.0,-21.0,-25.0,-24.0,-4.0,-2.0,-11.0,-9.0,-7.0,11.0,-13.0,-14.0,-50.0,-43.0,-50.0,-54.0,14.0,8.0,7.0,13.0
1,2020-11-17,78.0,78.0,4430,4301,6033,4462,62,65,74,68,-21.0,-25.0,-24.0,-25.0,-2.0,-11.0,-9.0,-7.0,11.0,-13.0,-14.0,-9.0,-43.0,-50.0,-54.0,-53.0,8.0,7.0,13.0,13.0
1,2020-11-18,106.0,106.0,4301,6033,4462,4518,65,74,68,104,-25.0,-24.0,-25.0,-25.0,-11.0,-9.0,-7.0,-7.0,-13.0,-14.0,-9.0,-14.0,-50.0,-54.0,-53.0,-53.0,7.0,13.0,13.0,13.0
1,2020-11-19,90.0,90.0,6033,4462,4518,4794,74,68,104,70,-24.0,-25.0,-25.0,-22.0,-9.0,-7.0,-7.0,-4.0,-14.0,-9.0,-14.0,-1.0,-54.0,-53.0,-53.0,-52.0,13.0,13.0,13.0,13.0
1,2020-11-20,103.0,103.0,4462,4518,4794,4987,68,104,70,67,-25.0,-25.0,-22.0,-22.0,-7.0,-7.0,-4.0,-3.0,-9.0,-14.0,-1.0,7.0,-53.0,-53.0,-52.0,-50.0,13.0,13.0,13.0,13.0
1,2020-11-21,74.0,74.0,4518,4794,4987,4957,104,70,67,66,-25.0,-22.0,-22.0,-20.0,-7.0,-4.0,-3.0,0.0,-14.0,-1.0,7.0,9.0,-53.0,-52.0,-50.0,-43.0,13.0,13.0,13.0,8.0
1,2020-11-22,85.0,85.0,4794,4987,4957,4745,70,67,66,56,-22.0,-22.0,-20.0,-26.0,-4.0,-3.0,0.0,-10.0,-1.0,7.0,9.0,-14.0,-52.0,-50.0,-43.0,-50.0,13.0,13.0,8.0,8.0
1,2020-11-23,121.0,121.0,4987,4957,4745,6795,67,66,56,79,-22.0,-20.0,-26.0,-26.0,-3.0,0.0,-10.0,-10.0,7.0,9.0,-14.0,-15.0,-50.0,-43.0,-50.0,-55.0,13.0,8.0,8.0,13.0
1,2020-11-24,97.0,97.0,4957,4745,6795,5282,66,56,79,100,-20.0,-26.0,-26.0,-25.0,0.0,-10.0,-10.0,-5.0,9.0,-14.0,-15.0,-14.0,-43.0,-50.0,-55.0,-55.0,8.0,8.0,13.0,13.0
1,2020-11-25,116.0,116.0,4745,6795,5282,4958,56,79,100,58,-26.0,-26.0,-25.0,-28.0,-10.0,-10.0,-5.0,-10.0,-14.0,-15.0,-14.0,-14.0,-50.0,-55.0,-55.0,-54.0,8.0,13.0,13.0,14.0
1,2020-11-26,118.0,118.0,6795,5282,4958,5679,79,100,58,82,-26.0,-25.0,-28.0,-22.0,-10.0,-5.0,-10.0,-3.0,-15.0,-14.0,-14.0,-11.0,-55.0,-55.0,-54.0,-53.0,13.0,13.0,14.0,13.0
1,2020-11-27,128.0,128.0,5282,4958,5679,5954,100,58,82,86,-25.0,-28.0,-22.0,-23.0,-5.0,-10.0,-3.0,-3.0,-14.0,-14.0,-11.0,-11.0,-55.0,-54.0,-53.0,-51.0,13.0,14.0,13.0,14.0
1,2020-11-28,98.0,98.0,4958,5679,5954,5675,58,82,86,68,-28.0,-22.0,-23.0,-23.0,-10.0,-3.0,-3.0,-1.0,-14.0,-11.0,-11.0,10.0,-54.0,-53.0,-51.0,-45.0,14.0,13.0,14.0,9.0
1,2020-11-29,84.0,84.0,5679,5954,5675,5383,82,86,68,74,-22.0,-23.0,-23.0,-22.0,-3.0,-3.0,-1.0,-5.0,-11.0,-11.0,10.0,25.0,-53.0,-51.0,-45.0,-48.0,13.0,14.0,9.0,7.0
1,2020-11-30,140.0,140.0,5954,5675,5383,7895,86,68,74,109,-23.0,-23.0,-22.0,-24.0,-3.0,-1.0,-5.0,-7.0,-11.0,10.0,25.0,-19.0,-51.0,-45.0,-48.0,-55.0,14.0,9.0,7.0,13.0
1,2020-12-01,116.0,116.0,5675,5383,7895,5495,68,74,109,78,-23.0,-22.0,-24.0,-27.0,-1.0,-5.0,-7.0,-5.0,10.0,25.0,-19.0,-9.0,-45.0,-48.0,-55.0,-55.0,9.0,7.0,13.0,14.0
1,2020-12-02,118.0,118.0,5383,7895,5495,6454,74,109,78,106,-22.0,-24.0,-27.0,-25.0,-5.0,-7.0,-5.0,-3.0,25.0,-19.0,-9.0,-5.0,-48.0,-55.0,-55.0,-53.0,7.0,13.0,14.0,14.0
1,2020-12-03,156.0,156.0,7895,5495,6454,6264,109,78,106,90,-24.0,-27.0,-25.0,-23.0,-7.0,-5.0,-3.0,-1.0,-19.0,-9.0,-5.0,-2.0,-55.0,-55.0,-53.0,-53.0,13.0,14.0,14.0,14.0
1,2020-12-04,113.0,113.0,5495,6454,6264,6419,78,106,90,103,-27.0,-25.0,-23.0,-27.0,-5.0,-3.0,-1.0,-6.0,-9.0,-5.0,-2.0,-13.0,-55.0,-53.0,-53.0,-53.0,14.0,14.0,14.0,15.0
1,2020-12-05,104.0,104.0,6454,6264,6419,6354,106,90,103,74,-25.0,-23.0,-27.0,-25.0,-3.0,-1.0,-6.0,-1.0,-5.0,-2.0,-13.0,6.0,-53.0,-53.0,-53.0,-45.0,14.0,14.0,15.0,9.0
1,2020-12-06,90.0,90.0,6264,6419,6354,6305,90,103,74,85,-23.0,-27.0,-25.0,-26.0,-1.0,-6.0,-1.0,-7.0,-2.0,-13.0,6.0,6.0,-53.0,-53.0,-45.0,-50.0,14.0,15.0,9.0,8.0
1,2020-12-07,107.0,107.0,6419,6354,6305,7724,103,74,85,121,-27.0,-25.0,-26.0,-25.0,-6.0,-1.0,-7.0,-6.0,-13.0,6.0,6.0,-13.0,-53.0,-45.0,-50.0,-56.0,15.0,9.0,8.0,13.0
1,2020-12-08,126.0,126.0,6354,6305,7724,6171,74,85,121,97,-25.0,-26.0,-25.0,-26.0,-1.0,-7.0,-6.0,-3.0,6.0,6.0,-13.0,-10.0,-45.0,-50.0,-56.0,-56.0,9.0,8.0,13.0,13.0
1,2020-12-09,145.0,145.0,6305,7724,6171,6399,85,121,97,116,-26.0,-25.0,-26.0,-27.0,-7.0,-6.0,-3.0,-6.0,6.0,-13.0,-10.0,-12.0,-50.0,-56.0,-56.0,-55.0,8.0,13.0,13.0,14.0
1,2020-12-10,150.0,150.0,7724,6171,6399,6686,121,97,116,118,-25.0,-26.0,-27.0,-23.0,-6.0,-3.0,-6.0,-1.0,-13.0,-10.0,-12.0,-4.0,-56.0,-56.0,-55.0,-54.0,13.0,13.0,14.0,14.0
1,2020-12-11,64.0,64.0,6171,6399,6686,6715,97,116,118,128,-26.0,-27.0,-23.0,-24.0,-3.0,-6.0,-1.0,-2.0,-10.0,-12.0,-4.0,-7.0,-56.0,-55.0,-54.0,-53.0,13.0,14.0,14.0,14.0
1,2020-12-12,85.0,85.0,6399,6686,6715,5984,116,118,128,98,-27.0,-23.0,-24.0,-26.0,-6.0,-1.0,-2.0,-1.0,-12.0,-4.0,-7.0,-13.0,-55.0,-54.0,-53.0,-48.0,14.0,14.0,14.0,10.0
1,2020-12-13,120.0,120.0,6686,6715,5984,5916,118,128,98,84,-23.0,-24.0,-26.0,-28.0,-1.0,-2.0,-1.0,-8.0,-4.0,-7.0,-13.0,-15.0,-54.0,-53.0,-48.0,-52.0,14.0,14.0,10.0,9.0
1,2020-12-14,157.0,157.0,6715,5984,5916,8377,128,98,84,140,-24.0,-26.0,-28.0,-25.0,-2.0,-1.0,-8.0,-4.0,-7.0,-13.0,-15.0,-12.0,-53.0,-48.0,-52.0,-56.0,14.0,10.0,9.0,14.0
1,2020-12-15,200.0,200.0,5984,5916,8377,6244,98,84,140,116,-26.0,-28.0,-25.0,-24.0,-1.0,-8.0,-4.0,0.0,-13.0,-15.0,-12.0,-15.0,-48.0,-52.0,-56.0,-56.0,10.0,9.0,14.0,14.0
1,2020-12-16,122.0,122.0,5916,8377,6244,6512,84,140,116,118,-28.0,-25.0,-24.0,-25.0,-8.0,-4.0,0.0,-3.0,-15.0,-12.0,-15.0,-24.0,-52.0,-56.0,-56.0,-56.0,9.0,14.0,14.0,14.0
1,2020-12-17,112.0,112.0,8377,6244,6512,7006,140,116,118,156,-25.0,-24.0,-25.0,-23.0,-4.0,0.0,-3.0,2.0,-12.0,-15.0,-24.0,-13.0,-56.0,-56.0,-56.0,-55.0,14.0,14.0,14.0,15.0
1,2020-12-18,44.0,44.0,6244,6512,7006,6700,116,118,156,113,-24.0,-25.0,-23.0,-27.0,0.0,-3.0,2.0,-2.0,-15.0,-24.0,-13.0,-19.0,-56.0,-56.0,-55.0,-55.0,14.0,14.0,15.0,16.0
1,2020-12-19,108.0,108.0,6512,7006,6700,6459,118,156,113,104,-25.0,-23.0,-27.0,-26.0,-3.0,2.0,-2.0,1.0,-24.0,-13.0,-19.0,-9.0,-56.0,-55.0,-55.0,-46.0,14.0,15.0,16.0,10.0
1,2020-12-20,92.0,92.0,7006,6700,6459,6007,156,113,104,90,-23.0,-27.0,-26.0,-24.0,2.0,-2.0,1.0,-3.0,-13.0,-19.0,-9.0,13.0,-55.0,-55.0,-46.0,-48.0,15.0,16.0,10.0,8.0
1,2020-12-21,241.0,241.0,6700,6459,6007,7577,113,104,90,107,-27.0,-26.0,-24.0,-14.0,-2.0,1.0,-3.0,12.0,-19.0,-9.0,13.0,-2.0,-55.0,-46.0,-48.0,-56.0,16.0,10.0,8.0,15.0
1,2020-12-22,142.0,142.0,6459,6007,7577,6260,104,90,107,126,-26.0,-24.0,-14.0,-13.0,1.0,-3.0,12.0,21.0,-9.0,13.0,-2.0,5.0,-46.0,-48.0,-56.0,-55.0,10.0,8.0,15.0,15.0
1,2020-12-23,150.0,150.0,6007,7577,6260,6921,90,107,126,145,-24.0,-14.0,-13.0,-7.0,-3.0,12.0,21.0,40.0,13.0,-2.0,5.0,8.0,-48.0,-56.0,-55.0,-53.0,8.0,15.0,15.0,15.0
1,2020-12-24,165.0,165.0,7577,6260,6921,6684,107,126,145,150,-14.0,-13.0,-7.0,-22.0,12.0,21.0,40.0,31.0,-2.0,5.0,8.0,-3.0,-56.0,-55.0,-53.0,-62.0,15.0,15.0,15.0,20.0
1,2020-12-25,142.0,142.0,6260,6921,6684,1749,126,145,150,64,-13.0,-7.0,-22.0,-85.0,21.0,40.0,31.0,-78.0,5.0,8.0,-3.0,-20.0,-55.0,-53.0,-62.0,-82.0,15.0,15.0,20.0,29.0
1,2020-12-26,138.0,138.0,6921,6684,1749,3114,145,150,64,85,-7.0,-22.0,-85.0,-59.0,40.0,31.0,-78.0,-40.0,8.0,-3.0,-20.0,-15.0,-53.0,-62.0,-82.0,-64.0,15.0,20.0,29.0,14.0
1,2020-12-27,90.0,90.0,6684,1749,3114,10100,150,64,85,120,-22.0,-85.0,-59.0,-43.0,31.0,-78.0,-40.0,-23.0,-3.0,-20.0,-15.0,16.0,-62.0,-82.0,-64.0,-58.0,20.0,29.0,14.0,10.0
1,2020-12-28,125.0,125.0,1749,3114,10100,6465,64,85,120,157,-85.0,-59.0,-43.0,-36.0,-78.0,-40.0,-23.0,-10.0,-20.0,-15.0,16.0,16.0,-82.0,-64.0,-58.0,-69.0,29.0,14.0,10.0,23.0
1,2020-12-29,160.0,160.0,3114,10100,6465,8189,85,120,157,200,-59.0,-43.0,-36.0,-34.0,-40.0,-23.0,-10.0,-2.0,-15.0,16.0,16.0,20.0,-64.0,-58.0,-69.0,-65.0,14.0,10.0,23.0,21.0
1,2020-12-30,180.0,180.0,10100,6465,8189,8459,120,157,200,122,-43.0,-36.0,-34.0,-32.0,-23.0,-10.0,-2.0,6.0,16.0,16.0,20.0,-3.0,-58.0,-69.0,-65.0,-64.0,10.0,23.0,21.0,21.0
1,2020-12-31,147.0,147.0,6465,8189,8459,7143,157,200,122,112,-36.0,-34.0,-32.0,-28.0,-10.0,-2.0,6.0,19.0,16.0,20.0,-3.0,31.0,-69.0,-65.0,-64.0,-65.0,23.0,21.0,21.0,21.0
1,2021-01-01,170.0,170.0,8189,8459,7143,991,200,122,112,44,-34.0,-32.0,-28.0,-74.0,-2.0,6.0,19.0,-67.0,20.0,-3.0,31.0,11.0,-65.0,-64.0,-65.0,-80.0,21.0,21.0,21.0,31.0
1,2021-01-02,122.0,122.0,8459,7143,991,4535,122,112,44,108,-32.0,-28.0,-74.0,-48.0,6.0,19.0,-67.0,-21.0,-3.0,31.0,11.0,6.0,-64.0,-65.0,-80.0,-60.0,21.0,21.0,31.0,14.0
1,2021-01-03,128.0,128.0,7143,991,4535,16141,112,44,108,92,-28.0,-74.0,-48.0,-43.0,19.0,-67.0,-21.0,-18.0,31.0,11.0,6.0,22.0,-65.0,-80.0,-60.0,-57.0,21.0,31.0,14.0,10.0
1,2021-01-04,125.0,125.0,991,4535,16141,10058,44,108,92,241,-74.0,-48.0,-43.0,-38.0,-67.0,-21.0,-18.0,-10.0,11.0,6.0,22.0,-2.0,-80.0,-60.0,-57.0,-62.0,31.0,14.0,10.0,17.0
1,2021-01-05,151.0,151.0,4535,16141,10058,7250,108,92,241,142,-48.0,-43.0,-38.0,-38.0,-21.0,-18.0,-10.0,-7.0,6.0,22.0,-2.0,-9.0,-60.0,-57.0,-62.0,-62.0,14.0,10.0,17.0,17.0
1,2021-01-06,185.0,185.0,16141,10058,7250,8082,92,241,142,150,-43.0,-38.0,-38.0,-39.0,-18.0,-10.0,-7.0,-10.0,22.0,-2.0,-9.0,0.0,-57.0,-62.0,-62.0,-61.0,10.0,17.0,17.0,18.0
1,2021-01-07,139.0,139.0,10058,7250,8082,8227,241,142,150,165,-38.0,-38.0,-39.0,-39.0,-10.0,-7.0,-10.0,-10.0,-2.0,-9.0,0.0,3.0,-62.0,-62.0,-61.0,-62.0,17.0,17.0,18.0,18.0
1,2021-01-08,181.0,181.0,7250,8082,8227,9237,142,150,165,142,-38.0,-39.0,-39.0,-42.0,-7.0,-10.0,-10.0,-14.0,-9.0,0.0,3.0,-11.0,-62.0,-61.0,-62.0,-62.0,17.0,18.0,18.0,19.0
1,2021-01-09,105.0,105.0,8082,8227,9237,8393,150,165,142,138,-39.0,-39.0,-42.0,-42.0,-10.0,-10.0,-14.0,-11.0,0.0,3.0,-11.0,25.0,-61.0,-62.0,-62.0,-56.0,18.0,18.0,19.0,12.0
1,2021-01-10,127.0,127.0,8227,9237,8393,7283,165,142,138,90,-39.0,-42.0,-42.0,-43.0,-10.0,-14.0,-11.0,-16.0,3.0,-11.0,25.0,19.0,-62.0,-62.0,-56.0,-59.0,18.0,19.0,12.0,10.0
1,2021-01-11,126.0,126.0,9237,8393,7283,8325,142,138,90,125,-42.0,-42.0,-43.0,-41.0,-14.0,-11.0,-16.0,-16.0,-11.0,25.0,19.0,-12.0,-62.0,-56.0,-59.0,-62.0,19.0,12.0,10.0,17.0
1,2021-01-12,147.0,147.0,8393,7283,8325,6141,138,90,125,160,-42.0,-43.0,-41.0,-41.0,-11.0,-16.0,-16.0,-13.0,25.0,19.0,-12.0,-10.0,-56.0,-59.0,-62.0,-62.0,12.0,10.0,17.0,17.0
1,2021-01-13,93.0,93.0,7283,8325,6141,7139,90,125,160,180,-43.0,-41.0,-41.0,-42.0,-16.0,-16.0,-13.0,-13.0,19.0,-12.0,-10.0,-7.0,-59.0,-62.0,-62.0,-62.0,10.0,17.0,17.0,17.0
1,2021-01-14,191.0,191.0,8325,6141,7139,7447,125,160,180,147,-41.0,-41.0,-42.0,-45.0,-16.0,-13.0,-13.0,-18.0,-12.0,-10.0,-7.0,-9.0,-62.0,-62.0,-62.0,-64.0,17.0,17.0,17.0,18.0
1,2021-01-15,149.0,149.0,6141,7139,7447,6880,160,180,147,170,-41.0,-42.0,-45.0,-45.0,-13.0,-13.0,-18.0,-17.0,-10.0,-7.0,-9.0,-12.0,-62.0,-62.0,-64.0,-64.0,17.0,17.0,18.0,19.0
1,2021-01-16,133.0,133.0,7139,7447,6880,6359,180,147,170,122,-42.0,-45.0,-45.0,-48.0,-13.0,-18.0,-17.0,-21.0,-7.0,-9.0,-12.0,3.0,-62.0,-64.0,-64.0,-61.0,17.0,18.0,19.0,13.0
1,2021-01-17,83.0,83.0,7447,6880,6359,6284,147,170,122,128,-45.0,-45.0,-48.0,-46.0,-18.0,-17.0,-21.0,-21.0,-9.0,-12.0,3.0,15.0,-64.0,-64.0,-61.0,-61.0,18.0,19.0,13.0,10.0
1,2021-01-18,104.0,104.0,6880,6359,6284,6420,170,122,128,125,-45.0,-48.0,-46.0,-43.0,-17.0,-21.0,-21.0,-19.0,-12.0,3.0,15.0,-5.0,-64.0,-61.0,-61.0,-63.0,19.0,13.0,10.0,16.0
1,2021-01-19,97.0,97.0,6359,6284,6420,5028,122,128,125,151,-48.0,-46.0,-43.0,-44.0,-21.0,-21.0,-19.0,-17.0,3.0,15.0,-5.0,-10.0,-61.0,-61.0,-63.0,-63.0,13.0,10.0,16.0,17.0
1,2021-01-20,119.0,119.0,6284,6420,5028,5701,128,125,151,185,-46.0,-43.0,-44.0,-43.0,-21.0,-19.0,-17.0,-17.0,15.0,-5.0,-10.0,-15.0,-61.0,-63.0,-63.0,-63.0,10.0,16.0,17.0,17.0
1,2021-01-21,125.0,125.0,6420,5028,5701,6111,125,151,185,139,-43.0,-44.0,-43.0,-43.0,-19.0,-17.0,-17.0,-16.0,-5.0,-10.0,-15.0,-9.0,-63.0,-63.0,-63.0,-63.0,16.0,17.0,17.0,17.0
1,2021-01-22,121.0,121.0,5028,5701,6111,5827,151,185,139,181,-44.0,-43.0,-43.0,-44.0,-17.0,-17.0,-16.0,-17.0,-10.0,-15.0,-9.0,-15.0,-63.0,-63.0,-63.0,-63.0,17.0,17.0,17.0,19.0
1,2021-01-23,93.0,93.0,5701,6111,5827,5094,185,139,181,105,-43.0,-43.0,-44.0,-43.0,-17.0,-16.0,-17.0,-14.0,-15.0,-9.0,-15.0,1.0,-63.0,-63.0,-63.0,-59.0,17.0,17.0,19.0,12.0
1,2021-01-24,60.0,60.0,6111,5827,5094,4679,139,181,105,127,-43.0,-44.0,-43.0,-47.0,-16.0,-17.0,-14.0,-22.0,-9.0,-15.0,1.0,-9.0,-63.0,-63.0,-59.0,-63.0,17.0,19.0,12.0,10.0
1,2021-01-25,70.0,70.0,5827,5094,4679,5617,181,105,127,126,-44.0,-43.0,-47.0,-43.0,-17.0,-14.0,-22.0,-19.0,-15.0,1.0,-9.0,-13.0,-63.0,-59.0,-63.0,-64.0,19.0,12.0,10.0,16.0
1,2021-01-26,84.0,84.0,5094,4679,5617,4041,105,127,126,147,-43.0,-47.0,-43.0,-47.0,-14.0,-22.0,-19.0,-22.0,1.0,-9.0,-13.0,-16.0,-59.0,-63.0,-64.0,-64.0,12.0,10.0,16.0,17.0
1,2021-01-27,93.0,93.0,4679,5617,4041,4320,127,126,147,93,-47.0,-43.0,-47.0,-43.0,-22.0,-19.0,-22.0,-16.0,-9.0,-13.0,-16.0,-13.0,-63.0,-64.0,-64.0,-62.0,10.0,16.0,17.0,17.0
1,2021-01-28,82.0,82.0,5617,4041,4320,4806,126,147,93,191,-43.0,-47.0,-43.0,-42.0,-19.0,-22.0,-16.0,-16.0,-13.0,-16.0,-13.0,-18.0,-64.0,-64.0,-62.0,-63.0,16.0,17.0,17.0,17.0
1,2021-01-29,79.0,79.0,4041,4320,4806,4827,147,93,191,149,-47.0,-43.0,-42.0,-43.0,-22.0,-16.0,-16.0,-16.0,-16.0,-13.0,-18.0,-22.0,-64.0,-62.0,-63.0,-63.0,17.0,17.0,17.0,18.0
1,2021-01-30,70.0,70.0,4320,4806,4827,4110,93,191,149,133,-43.0,-42.0,-43.0,-41.0,-16.0,-16.0,-16.0,-11.0,-13.0,-18.0,-22.0,2.0,-62.0,-63.0,-63.0,-60.0,17.0,17.0,18.0,12.0
1,2021-01-31,23.0,23.0,4806,4827,4110,3933,191,149,133,83,-42.0,-43.0,-41.0,-42.0,-16.0,-16.0,-11.0,-17.0,-18.0,-22.0,2.0,6.0,-63.0,-63.0,-60.0,-62.0,17.0,18.0,12.0,9.0
1,2021-02-01,37.0,37.0,4827,4110,3933,4502,149,133,83,104,-43.0,-41.0,-42.0,-40.0,-16.0,-11.0,-17.0,-14.0,-22.0,2.0,6.0,-14.0,-63.0,-60.0,-62.0,-63.0,18.0,12.0,9.0,16.0
1,2021-02-02,97.0,97.0,4110,3933,4502,2948,133,83,104,97,-41.0,-42.0,-40.0,-44.0,-11.0,-17.0,-14.0,-18.0,2.0,6.0,-14.0,-18.0,-60.0,-62.0,-63.0,-64.0,12.0,9.0,16.0,17.0
1,2021-02-03,44.0,44.0,3933,4502,2948,3267,83,104,97,119,-42.0,-40.0,-44.0,-42.0,-17.0,-14.0,-18.0,-16.0,6.0,-14.0,-18.0,-2.0,-62.0,-63.0,-64.0,-62.0,9.0,16.0,17.0,17.0
1,2021-02-04,70.0,70.0,4502,2948,3267,3982,104,97,119,125,-40.0,-44.0,-42.0,-40.0,-14.0,-18.0,-16.0,-13.0,-14.0,-18.0,-2.0,1.0,-63.0,-64.0,-62.0,-62.0,16.0,17.0,17.0,16.0
1,2021-02-05,72.0,72.0,2948,3267,3982,4136,97,119,125,121,-44.0,-42.0,-40.0,-45.0,-18.0,-16.0,-13.0,-18.0,-18.0,-2.0,1.0,-22.0,-64.0,-62.0,-62.0,-63.0,17.0,17.0,16.0,18.0
1,2021-02-06,50.0,50.0,3267,3982,4136,3264,119,125,121,93,-42.0,-40.0,-45.0,-43.0,-16.0,-13.0,-18.0,-13.0,-2.0,1.0,-22.0,-4.0,-62.0,-62.0,-63.0,-60.0,17.0,16.0,18.0,12.0
1,2021-02-07,44.0,44.0,3982,4136,3264,3207,125,121,93,60,-40.0,-45.0,-43.0,-44.0,-13.0,-18.0,-13.0,-16.0,1.0,-22.0,-4.0,11.0,-62.0,-63.0,-60.0,-62.0,16.0,18.0,12.0,10.0
1,2021-02-08,45.0,45.0,4136,3264,3207,3803,121,93,60,70,-45.0,-43.0,-44.0,-40.0,-18.0,-13.0,-16.0,-20.0,-22.0,-4.0,11.0,-19.0,-63.0,-60.0,-62.0,-64.0,18.0,12.0,10.0,16.0
1,2021-02-09,41.0,41.0,3264,3207,3803,2683,93,60,70,84,-43.0,-44.0,-40.0,-38.0,-13.0,-16.0,-20.0,-14.0,-4.0,11.0,-19.0,-14.0,-60.0,-62.0,-64.0,-62.0,12.0,10.0,16.0,16.0
1,2021-02-10,49.0,49.0,3207,3803,2683,3268,60,70,84,93,-44.0,-40.0,-38.0,-38.0,-16.0,-20.0,-14.0,-13.0,11.0,-19.0,-14.0,-21.0,-62.0,-64.0,-62.0,-62.0,10.0,16.0,16.0,16.0
1,2021-02-11,58.0,58.0,3803,2683,3268,3177,70,84,93,82,-40.0,-38.0,-38.0,-36.0,-20.0,-14.0,-13.0,-10.0,-19.0,-14.0,-21.0,-20.0,-64.0,-62.0,-62.0,-62.0,16.0,16.0,16.0,16.0
1,2021-02-12,47.0,47.0,2683,3268,3177,2679,84,93,82,79,-38.0,-38.0,-36.0,-37.0,-14.0,-13.0,-10.0,-10.0,-14.0,-21.0,-20.0,-29.0,-62.0,-62.0,-62.0,-62.0,16.0,16.0,16.0,18.0
1,2021-02-13,46.0,46.0,3268,3177,2679,3797,93,82,79,70,-38.0,-36.0,-37.0,-37.0,-13.0,-10.0,-10.0,-4.0,-21.0,-20.0,-29.0,-19.0,-62.0,-62.0,-62.0,-58.0,16.0,16.0,18.0,12.0
1,2021-02-14,29.0,29.0,3177,2679,3797,2204,82,79,70,23,-36.0,-37.0,-37.0,-29.0,-10.0,-10.0,-4.0,-3.0,-20.0,-29.0,-19.0,26.0,-62.0,-62.0,-58.0,-57.0,16.0,18.0,12.0,8.0
1,2021-02-15,24.0,24.0,2679,3797,2204,1763,79,70,23,37,-37.0,-37.0,-29.0,-49.0,-10.0,-4.0,-3.0,-30.0,-29.0,-19.0,26.0,8.0,-62.0,-58.0,-57.0,-72.0,18.0,12.0,8.0,22.0
1,2021-02-16,29.0,29.0,3797,2204,1763,4219,70,23,37,97,-37.0,-29.0,-49.0,-41.0,-4.0,-3.0,-30.0,-16.0,-19.0,26.0,8.0,-24.0,-58.0,-57.0,-72.0,-62.0,12.0,8.0,22.0,18.0
1,2021-02-17,62.0,62.0,2204,1763,4219,2561,23,37,97,44,-29.0,-49.0,-41.0,-32.0,-3.0,-30.0,-16.0,-6.0,26.0,8.0,-24.0,-8.0,-57.0,-72.0,-62.0,-58.0,8.0,22.0,18.0,15.0
1,2021-02-18,47.0,47.0,1763,4219,2561,3435,37,97,44,70,-49.0,-41.0,-32.0,-32.0,-30.0,-16.0,-6.0,-9.0,8.0,-24.0,-8.0,-14.0,-72.0,-62.0,-58.0,-59.0,22.0,18.0,15.0,15.0
1,2021-02-19,31.0,31.0,4219,2561,3435,3083,97,44,70,72,-41.0,-32.0,-32.0,-33.0,-16.0,-6.0,-9.0,-9.0,-24.0,-8.0,-14.0,-14.0,-62.0,-58.0,-59.0,-59.0,18.0,15.0,15.0,16.0
1,2021-02-20,29.0,29.0,2561,3435,3083,2657,44,70,72,50,-32.0,-32.0,-33.0,-30.0,-6.0,-9.0,-9.0,-5.0,-8.0,-14.0,-14.0,23.0,-58.0,-59.0,-59.0,-54.0,15.0,15.0,16.0,10.0
1,2021-02-21,22.0,22.0,3435,3083,2657,2407,70,72,50,44,-32.0,-33.0,-30.0,-29.0,-9.0,-9.0,-5.0,-8.0,-14.0,-14.0,23.0,42.0,-59.0,-59.0,-54.0,-55.0,15.0,16.0,10.0,7.0
1,2021-02-22,37.0,37.0,3083,2657,2407,3453,72,50,44,45,-33.0,-30.0,-29.0,-34.0,-9.0,-5.0,-8.0,-15.0,-14.0,23.0,42.0,-10.0,-59.0,-54.0,-55.0,-61.0,16.0,10.0,7.0,15.0
1,2021-02-23,31.0,31.0,2657,2407,3453,3213,50,44,45,41,-30.0,-29.0,-34.0,-32.0,-5.0,-8.0,-15.0,-8.0,23.0,42.0,-10.0,-6.0,-54.0,-55.0,-61.0,-60.0,10.0,7.0,15.0,14.0
1,2021-02-24,28.0,28.0,2407,3453,3213,2945,44,45,41,49,-29.0,-34.0,-32.0,-31.0,-8.0,-15.0,-8.0,-9.0,42.0,-10.0,-6.0,-5.0,-55.0,-61.0,-60.0,-59.0,7.0,15.0,14.0,14.0
1,2021-02-25,37.0,37.0,3453,3213,2945,3147,45,41,49,58,-34.0,-32.0,-31.0,-30.0,-15.0,-8.0,-9.0,-7.0,-10.0,-6.0,-5.0,-3.0,-61.0,-60.0,-59.0,-59.0,15.0,14.0,14.0,15.0
1,2021-02-26,30.0,30.0,3213,2945,3147,3172,41,49,58,47,-32.0,-31.0,-30.0,-29.0,-8.0,-9.0,-7.0,-5.0,-6.0,-5.0,-3.0,-3.0,-60.0,-59.0,-59.0,-58.0,14.0,14.0,15.0,15.0
1,2021-02-27,29.0,29.0,2945,3147,3172,2680,49,58,47,46,-31.0,-30.0,-29.0,-29.0,-9.0,-7.0,-5.0,-6.0,-5.0,-3.0,-3.0,9.0,-59.0,-59.0,-58.0,-53.0,14.0,15.0,15.0,9.0
1,2021-02-28,29.0,29.0,3147,3172,2680,2347,58,47,46,29,-30.0,-29.0,-29.0,-27.0,-7.0,-5.0,-6.0,-8.0,-3.0,-3.0,9.0,23.0,-59.0,-58.0,-53.0,-54.0,15.0,15.0,9.0,7.0
1,2021-03-01,29.0,29.0,3172,2680,2347,3694,47,46,29,24,-29.0,-29.0,-27.0,-30.0,-5.0,-6.0,-8.0,-11.0,-3.0,9.0,23.0,-9.0,-58.0,-53.0,-54.0,-60.0,15.0,9.0,7.0,14.0
1,2021-03-02,25.0,25.0,2680,2347,3694,2663,46,29,24,29,-29.0,-27.0,-30.0,-31.0,-6.0,-8.0,-11.0,-9.0,9.0,23.0,-9.0,-7.0,-53.0,-54.0,-60.0,-60.0,9.0,7.0,14.0,15.0
1,2021-03-03,34.0,34.0,2347,3694,2663,2784,29,24,29,62,-27.0,-30.0,-31.0,-28.0,-8.0,-11.0,-9.0,-6.0,23.0,-9.0,-7.0,15.0,-54.0,-60.0,-60.0,-57.0,7.0,14.0,15.0,14.0
1,2021-03-04,34.0,34.0,3694,2663,2784,2980,24,29,62,47,-30.0,-31.0,-28.0,-28.0,-11.0,-9.0,-6.0,-6.0,-9.0,-7.0,15.0,-2.0,-60.0,-60.0,-57.0,-59.0,14.0,15.0,14.0,15.0
1,2021-03-05,28.0,28.0,2663,2784,2980,2967,29,62,47,31,-31.0,-28.0,-28.0,-30.0,-9.0,-6.0,-6.0,-8.0,-7.0,15.0,-2.0,-8.0,-60.0,-57.0,-59.0,-58.0,15.0,14.0,15.0,16.0
1,2021-03-06,30.0,30.0,2784,2980,2967,2769,62,47,31,29,-28.0,-28.0,-30.0,-27.0,-6.0,-6.0,-8.0,-4.0,15.0,-2.0,-8.0,13.0,-57.0,-59.0,-58.0,-52.0,14.0,15.0,16.0,9.0
1,2021-03-07,21.0,21.0,2980,2967,2769,2648,47,31,29,22,-28.0,-30.0,-27.0,-25.0,-6.0,-8.0,-4.0,-7.0,-2.0,-8.0,13.0,40.0,-59.0,-58.0,-52.0,-53.0,15.0,16.0,9.0,7.0
1,2021-03-08,39.0,39.0,2967,2769,2648,4048,31,29,22,37,-30.0,-27.0,-25.0,-26.0,-8.0,-4.0,-7.0,-9.0,-8.0,13.0,40.0,13.0,-58.0,-52.0,-53.0,-58.0,16.0,9.0,7.0,13.0
1,2021-03-09,20.0,20.0,2769,2648,4048,2928,29,22,37,31,-27.0,-25.0,-26.0,-26.0,-4.0,-7.0,-9.0,-6.0,13.0,40.0,13.0,20.0,-52.0,-53.0,-58.0,-57.0,9.0,7.0,13.0,13.0
1,2021-03-10,24.0,24.0,2648,4048,2928,3059,22,37,31,28,-25.0,-26.0,-26.0,-25.0,-7.0,-9.0,-6.0,-6.0,40.0,13.0,20.0,23.0,-53.0,-58.0,-57.0,-55.0,7.0,13.0,13.0,13.0
1,2021-03-11,32.0,32.0,4048,2928,3059,3105,37,31,28,37,-26.0,-26.0,-25.0,-24.0,-9.0,-6.0,-6.0,-5.0,13.0,20.0,23.0,15.0,-58.0,-57.0,-55.0,-56.0,13.0,13.0,13.0,14.0
1,2021-03-12,38.0,38.0,2928,3059,3105,3515,31,28,37,30,-26.0,-25.0,-24.0,-25.0,-6.0,-6.0,-5.0,-6.0,20.0,23.0,15.0,7.0,-57.0,-55.0,-56.0,-55.0,13.0,13.0,14.0,14.0
1,2021-03-13,21.0,21.0,3059,3105,3515,3030,28,37,30,29,-25.0,-24.0,-25.0,-20.0,-6.0,-5.0,-6.0,-1.0,23.0,15.0,7.0,38.0,-55.0,-56.0,-55.0,-47.0,13.0,14.0,14.0,8.0
1,2021-03-14,25.0,25.0,3105,3515,3030,2711,37,30,29,29,-24.0,-25.0,-20.0,-23.0,-5.0,-6.0,-1.0,-8.0,15.0,7.0,38.0,12.0,-56.0,-55.0,-47.0,-53.0,14.0,14.0,8.0,7.0
1,2021-03-15,16.0,16.0,3515,3030,2711,3811,30,29,29,29,-25.0,-20.0,-23.0,-25.0,-6.0,-1.0,-8.0,-9.0,7.0,38.0,12.0,8.0,-55.0,-47.0,-53.0,-57.0,14.0,8.0,7.0,13.0
1,2021-03-16,21.0,21.0,3030,2711,3811,2857,29,29,29,25,-20.0,-23.0,-25.0,-25.0,-1.0,-8.0,-9.0,-4.0,38.0,12.0,8.0,14.0,-47.0,-53.0,-57.0,-57.0,8.0,7.0,13.0,13.0
1,2021-03-17,68.0,68.0,2711,3811,2857,3407,29,29,25,34,-23.0,-25.0,-25.0,-22.0,-8.0,-9.0,-4.0,-4.0,12.0,8.0,14.0,33.0,-53.0,-57.0,-57.0,-54.0,7.0,13.0,13.0,13.0
1,2021-03-18,38.0,38.0,3811,2857,3407,3613,29,25,34,34,-25.0,-25.0,-22.0,-23.0,-9.0,-4.0,-4.0,-4.0,8.0,14.0,33.0,6.0,-57.0,-57.0,-54.0,-55.0,13.0,13.0,13.0,14.0
1,2021-03-19,13.0,13.0,2857,3407,3613,4232,25,34,34,28,-25.0,-22.0,-23.0,-23.0,-4.0,-4.0,-4.0,-3.0,14.0,33.0,6.0,7.0,-57.0,-54.0,-55.0,-54.0,13.0,13.0,14.0,14.0
1,2021-03-20,27.0,27.0,3407,3613,4232,3417,34,34,28,30,-22.0,-23.0,-23.0,-18.0,-4.0,-4.0,-3.0,1.0,33.0,6.0,7.0,62.0,-54.0,-55.0,-54.0,-44.0,13.0,14.0,14.0,7.0
1,2021-03-21,22.0,22.0,3613,4232,3417,3125,34,28,30,21,-23.0,-23.0,-18.0,-15.0,-4.0,-3.0,1.0,-2.0,6.0,7.0,62.0,85.0,-55.0,-54.0,-44.0,-46.0,14.0,14.0,7.0,5.0
1,2021-03-22,23.0,23.0,4232,3417,3125,4863,28,30,21,39,-23.0,-18.0,-15.0,-20.0,-3.0,1.0,-2.0,-4.0,7.0,62.0,85.0,56.0,-54.0,-44.0,-46.0,-54.0,14.0,7.0,5.0,12.0
1,2021-03-23,49.0,49.0,3417,3125,4863,3569,30,21,39,20,-18.0,-15.0,-20.0,-21.0,1.0,-2.0,-4.0,-2.0,62.0,85.0,56.0,47.0,-44.0,-46.0,-54.0,-54.0,7.0,5.0,12.0,12.0
1,2021-03-24,28.0,28.0,3125,4863,3569,3949,21,39,20,24,-15.0,-20.0,-21.0,-23.0,-2.0,-4.0,-2.0,-4.0,85.0,56.0,47.0,11.0,-46.0,-54.0,-54.0,-55.0,5.0,12.0,12.0,13.0
1,2021-03-25,36.0,36.0,4863,3569,3949,5104,39,20,24,32,-20.0,-21.0,-23.0,-19.0,-4.0,-2.0,-4.0,0.0,56.0,47.0,11.0,55.0,-54.0,-54.0,-55.0,-53.0,12.0,12.0,13.0,13.0
1,2021-03-26,40.0,40.0,3569,3949,5104,5025,20,24,32,38,-21.0,-23.0,-19.0,-26.0,-2.0,-4.0,0.0,-7.0,47.0,11.0,55.0,-10.0,-54.0,-55.0,-53.0,-56.0,12.0,13.0,13.0,15.0
1,2021-03-27,34.0,34.0,3949,5104,5025,4315,24,32,38,21,-23.0,-19.0,-26.0,-20.0,-4.0,0.0,-7.0,1.0,11.0,55.0,-10.0,22.0,-55.0,-53.0,-56.0,-47.0,13.0,13.0,15.0,8.0
1,2021-03-28,24.0,24.0,5104,5025,4315,4183,32,38,21,25,-19.0,-26.0,-20.0,-23.0,0.0,-7.0,1.0,-7.0,55.0,-10.0,22.0,-13.0,-53.0,-56.0,-47.0,-54.0,13.0,15.0,8.0,8.0
1,2021-03-29,42.0,42.0,5025,4315,4183,6262,38,21,25,16,-26.0,-20.0,-23.0,-23.0,-7.0,1.0,-7.0,-5.0,-10.0,22.0,-13.0,16.0,-56.0,-47.0,-54.0,-56.0,15.0,8.0,8.0,13.0
1,2021-03-30,34.0,34.0,4315,4183,6262,3753,21,25,16,21,-20.0,-23.0,-23.0,-20.0,1.0,-7.0,-5.0,1.0,22.0,-13.0,16.0,53.0,-47.0,-54.0,-56.0,-54.0,8.0,8.0,13.0,12.0
1,2021-03-31,58.0,58.0,4183,6262,3753,8728,25,16,21,68,-23.0,-23.0,-20.0,-17.0,-7.0,-5.0,1.0,5.0,-13.0,16.0,53.0,18.0,-54.0,-56.0,-54.0,-53.0,8.0,13.0,12.0,12.0
1,2021-04-01,54.0,54.0,6262,3753,8728,5741,16,21,68,38,-23.0,-20.0,-17.0,-6.0,-5.0,1.0,5.0,22.0,16.0,53.0,18.0,13.0,-56.0,-54.0,-53.0,-52.0,13.0,12.0,12.0,11.0
1,2021-04-02,49.0,49.0,3753,8728,5741,3659,21,68,38,13,-20.0,-17.0,-6.0,-40.0,1.0,5.0,22.0,-17.0,53.0,18.0,13.0,53.0,-54.0,-53.0,-52.0,-66.0,12.0,12.0,11.0,23.0
1,2021-04-03,41.0,41.0,8728,5741,3659,7088,68,38,13,27,-17.0,-6.0,-40.0,-22.0,5.0,22.0,-17.0,14.0,18.0,13.0,53.0,42.0,-53.0,-52.0,-66.0,-50.0,12.0,11.0,23.0,8.0
1,2021-04-04,39.0,39.0,5741,3659,7088,3512,38,13,27,22,-6.0,-40.0,-22.0,-45.0,22.0,-17.0,14.0,-36.0,13.0,53.0,42.0,116.0,-52.0,-66.0,-50.0,-53.0,11.0,23.0,8.0,6.0
1,2021-04-05,38.0,38.0,3659,7088,3512,8322,13,27,22,23,-40.0,-22.0,-45.0,-21.0,-17.0,14.0,-36.0,0.0,53.0,42.0,116.0,82.0,-66.0,-50.0,-53.0,-60.0,23.0,8.0,6.0,16.0
1,2021-04-06,49.0,49.0,7088,3512,8322,10724,27,22,23,49,-22.0,-45.0,-21.0,-24.0,14.0,-36.0,0.0,1.0,42.0,116.0,82.0,55.0,-50.0,-53.0,-60.0,-55.0,8.0,6.0,16.0,13.0
1,2021-04-07,63.0,63.0,3512,8322,10724,7388,22,23,49,28,-45.0,-21.0,-24.0,-20.0,-36.0,0.0,1.0,2.0,116.0,82.0,55.0,48.0,-53.0,-60.0,-55.0,-54.0,6.0,16.0,13.0,13.0
1,2021-04-08,49.0,49.0,8322,10724,7388,8236,23,49,28,36,-21.0,-24.0,-20.0,-27.0,0.0,1.0,2.0,-3.0,82.0,55.0,48.0,70.0,-60.0,-55.0,-54.0,-55.0,16.0,13.0,13.0,14.0
1,2021-04-09,60.0,60.0,10724,7388,8236,9082,49,28,36,40,-24.0,-20.0,-27.0,-31.0,1.0,2.0,-3.0,-5.0,55.0,48.0,70.0,42.0,-55.0,-54.0,-55.0,-56.0,13.0,13.0,14.0,15.0
1,2021-04-10,42.0,42.0,7388,8236,9082,7492,28,36,40,34,-20.0,-27.0,-31.0,-28.0,2.0,-3.0,-5.0,-2.0,48.0,70.0,42.0,93.0,-54.0,-55.0,-56.0,-49.0,13.0,14.0,15.0,8.0
1,2021-04-11,38.0,38.0,8236,9082,7492,7712,36,40,34,24,-27.0,-31.0,-28.0,-29.0,-3.0,-5.0,-2.0,-6.0,70.0,42.0,93.0,63.0,-55.0,-56.0,-49.0,-53.0,14.0,15.0,8.0,8.0
1,2021-04-12,61.0,61.0,9082,7492,7712,10718,40,34,24,42,-31.0,-28.0,-29.0,-30.0,-5.0,-2.0,-6.0,-6.0,42.0,93.0,63.0,23.0,-56.0,-49.0,-53.0,-58.0,15.0,8.0,8.0,14.0
1,2021-04-13,37.0,37.0,7492,7712,10718,7423,34,24,42,34,-28.0,-29.0,-30.0,-29.0,-2.0,-6.0,-6.0,-1.0,93.0,63.0,23.0,65.0,-49.0,-53.0,-58.0,-57.0,8.0,8.0,14.0,14.0
1,2021-04-14,62.0,62.0,7712,10718,7423,8994,24,42,34,58,-29.0,-30.0,-29.0,-28.0,-6.0,-6.0,-1.0,-1.0,63.0,23.0,65.0,65.0,-53.0,-58.0,-57.0,-55.0,8.0,14.0,14.0,14.0
1,2021-04-15,55.0,55.0,10718,7423,8994,9609,42,34,58,54,-30.0,-29.0,-28.0,-28.0,-6.0,-1.0,-1.0,-2.0,23.0,65.0,65.0,27.0,-58.0,-57.0,-55.0,-57.0,14.0,14.0,14.0,15.0
1,2021-04-16,55.0,55.0,7423,8994,9609,9329,34,58,54,49,-29.0,-28.0,-28.0,-31.0,-1.0,-1.0,-2.0,-4.0,65.0,65.0,27.0,21.0,-57.0,-55.0,-57.0,-57.0,14.0,14.0,15.0,15.0
1,2021-04-17,25.0,25.0,8994,9609,9329,7325,58,54,49,41,-28.0,-28.0,-31.0,-31.0,-1.0,-2.0,-4.0,-3.0,65.0,27.0,21.0,59.0,-55.0,-57.0,-57.0,-52.0,14.0,15.0,15.0,9.0
1,2021-04-18,24.0,24.0,9609,9329,7325,8209,54,49,41,39,-28.0,-31.0,-31.0,-30.0,-2.0,-4.0,-3.0,-6.0,27.0,21.0,59.0,73.0,-57.0,-57.0,-52.0,-53.0,15.0,15.0,9.0,8.0
1,2021-04-19,65.0,65.0,9329,7325,8209,10220,49,41,39,38,-31.0,-31.0,-30.0,-31.0,-4.0,-3.0,-6.0,-8.0,21.0,59.0,73.0,45.0,-57.0,-52.0,-53.0,-59.0,15.0,9.0,8.0,14.0
1,2021-04-20,66.0,66.0,7325,8209,10220,7226,41,39,38,49,-31.0,-30.0,-31.0,-28.0,-3.0,-6.0,-8.0,1.0,59.0,73.0,45.0,28.0,-52.0,-53.0,-59.0,-57.0,9.0,8.0,14.0,14.0
1,2021-04-21,37.0,37.0,8209,10220,7226,8236,39,38,49,63,-30.0,-31.0,-28.0,-31.0,-6.0,-8.0,1.0,-5.0,73.0,45.0,28.0,15.0,-53.0,-59.0,-57.0,-58.0,8.0,14.0,14.0,15.0
1,2021-04-22,42.0,42.0,10220,7226,8236,9055,38,49,63,49,-31.0,-28.0,-31.0,-30.0,-8.0,1.0,-5.0,-3.0,45.0,28.0,15.0,14.0,-59.0,-57.0,-58.0,-58.0,14.0,14.0,15.0,16.0
1,2021-04-23,44.0,44.0,7226,8236,9055,8589,49,63,49,60,-28.0,-31.0,-30.0,-30.0,1.0,-5.0,-3.0,-2.0,28.0,15.0,14.0,42.0,-57.0,-58.0,-58.0,-57.0,14.0,15.0,16.0,15.0
1,2021-04-24,31.0,31.0,8236,9055,8589,7368,63,49,60,42,-31.0,-30.0,-30.0,-28.0,-5.0,-3.0,-2.0,0.0,15.0,14.0,42.0,78.0,-58.0,-58.0,-57.0,-50.0,15.0,16.0,15.0,9.0
1,2021-04-25,23.0,23.0,9055,8589,7368,6926,49,60,42,38,-30.0,-30.0,-28.0,-29.0,-3.0,-2.0,0.0,-4.0,14.0,42.0,78.0,37.0,-58.0,-57.0,-50.0,-55.0,16.0,15.0,9.0,8.0
1,2021-04-26,83.0,83.0,8589,7368,6926,8836,60,42,38,61,-30.0,-28.0,-29.0,-28.0,-2.0,0.0,-4.0,-4.0,42.0,78.0,37.0,42.0,-57.0,-50.0,-55.0,-58.0,15.0,9.0,8.0,14.0
1,2021-04-27,33.0,33.0,7368,6926,8836,6845,42,38,61,37,-28.0,-29.0,-28.0,-28.0,0.0,-4.0,-4.0,-1.0,78.0,37.0,42.0,60.0,-50.0,-55.0,-58.0,-57.0,9.0,8.0,14.0,14.0
1,2021-04-28,62.0,62.0,6926,8836,6845,8246,38,61,37,62,-29.0,-28.0,-28.0,-28.0,-4.0,-4.0,-1.0,-1.0,37.0,42.0,60.0,31.0,-55.0,-58.0,-57.0,-56.0,8.0,14.0,14.0,14.0
1,2021-04-29,47.0,47.0,8836,6845,8246,9190,61,37,62,55,-28.0,-28.0,-28.0,-26.0,-4.0,-1.0,-1.0,1.0,42.0,60.0,31.0,38.0,-58.0,-57.0,-56.0,-56.0,14.0,14.0,14.0,14.0
1,2021-04-30,55.0,55.0,6845,8246,9190,8259,37,62,55,55,-28.0,-28.0,-26.0,-29.0,-1.0,-1.0,1.0,0.0,60.0,31.0,38.0,9.0,-57.0,-56.0,-56.0,-57.0,14.0,14.0,14.0,15.0
1,2021-05-01,27.0,27.0,8246,9190,8259,6545,62,55,55,25,-28.0,-26.0,-29.0,-25.0,-1.0,1.0,0.0,5.0,31.0,38.0,9.0,80.0,-56.0,-56.0,-57.0,-47.0,14.0,14.0,15.0,8.0
1,2021-05-02,20.0,20.0,9190,8259,6545,5966,55,55,25,24,-26.0,-29.0,-25.0,-24.0,1.0,0.0,5.0,0.0,38.0,9.0,80.0,99.0,-56.0,-57.0,-47.0,-50.0,14.0,15.0,8.0,7.0
1,2021-05-03,60.0,60.0,8259,6545,5966,10933,55,25,24,65,-29.0,-25.0,-24.0,-27.0,0.0,5.0,0.0,-2.0,9.0,80.0,99.0,23.0,-57.0,-47.0,-50.0,-57.0,15.0,8.0,7.0,13.0
1,2021-05-04,35.0,35.0,6545,5966,10933,6638,25,24,65,66,-25.0,-24.0,-27.0,-27.0,5.0,0.0,-2.0,2.0,80.0,99.0,23.0,42.0,-47.0,-50.0,-57.0,-57.0,8.0,7.0,13.0,14.0
1,2021-05-05,51.0,51.0,5966,10933,6638,7800,24,65,66,37,-24.0,-27.0,-27.0,-27.0,0.0,-2.0,2.0,1.0,99.0,23.0,42.0,35.0,-50.0,-57.0,-57.0,-56.0,7.0,13.0,14.0,14.0
1,2021-05-06,43.0,43.0,10933,6638,7800,7957,65,66,37,42,-27.0,-27.0,-27.0,-24.0,-2.0,2.0,1.0,4.0,23.0,42.0,35.0,66.0,-57.0,-57.0,-56.0,-55.0,13.0,14.0,14.0,13.0
1,2021-05-07,55.0,55.0,6638,7800,7957,7640,66,37,42,44,-27.0,-27.0,-24.0,-27.0,2.0,1.0,4.0,3.0,42.0,35.0,66.0,51.0,-57.0,-56.0,-55.0,-56.0,14.0,14.0,13.0,14.0
1,2021-05-08,,,7800,7957,7640,6086,37,42,44,31,-27.0,-24.0,-27.0,-23.0,1.0,4.0,3.0,13.0,35.0,66.0,51.0,65.0,-56.0,-55.0,-56.0,-50.0,14.0,13.0,14.0,8.0
1,2021-05-09,,,7957,7640,6086,5693,42,44,31,23,-24.0,-27.0,-23.0,-15.0,4.0,3.0,13.0,11.0,66.0,51.0,65.0,110.0,-55.0,-56.0,-50.0,-48.0,13.0,14.0,8.0,5.0
1,2021-05-10,,,7640,6086,5693,8864,44,31,23,83,-27.0,-23.0,-15.0,-26.0,3.0,13.0,11.0,-2.0,51.0,65.0,110.0,68.0,-56.0,-50.0,-48.0,-56.0,14.0,8.0,5.0,13.0
1,2021-05-11,,,6086,5693,8864,5374,31,23,83,33,-23.0,-15.0,-26.0,-26.0,13.0,11.0,-2.0,2.0,65.0,110.0,68.0,49.0,-50.0,-48.0,-56.0,-57.0,8.0,5.0,13.0,14.0
1,2021-05-12,,,5693,8864,5374,6557,23,83,33,62,-15.0,-26.0,-26.0,-23.0,11.0,-2.0,2.0,6.0,110.0,68.0,49.0,80.0,-48.0,-56.0,-57.0,-54.0,5.0,13.0,14.0,13.0
1,2021-05-13,,,8864,5374,6557,5786,83,33,62,47,-26.0,-26.0,-23.0,-20.0,-2.0,2.0,6.0,7.0,68.0,49.0,80.0,115.0,-56.0,-57.0,-54.0,-53.0,13.0,14.0,13.0,13.0
1,2021-05-14,,,5374,6557,5786,6783,33,62,47,55,-26.0,-23.0,-20.0,-23.0,2.0,6.0,7.0,6.0,49.0,80.0,115.0,106.0,-57.0,-54.0,-53.0,-52.0,14.0,13.0,13.0,13.0
1,2021-05-15,,,6557,5786,6783,4491,62,47,55,27,-23.0,-20.0,-23.0,-21.0,6.0,7.0,6.0,8.0,80.0,115.0,106.0,149.0,-54.0,-53.0,-52.0,-43.0,13.0,13.0,13.0,6.0
1,2021-05-16,,,5786,6783,4491,4302,47,55,27,20,-20.0,-23.0,-21.0,-15.0,7.0,6.0,8.0,7.0,115.0,106.0,149.0,164.0,-53.0,-52.0,-43.0,-45.0,13.0,13.0,6.0,4.0
1,2021-05-17,,,6783,4491,4302,6424,55,27,20,60,-23.0,-21.0,-15.0,-20.0,6.0,8.0,7.0,5.0,106.0,149.0,164.0,96.0,-52.0,-43.0,-45.0,-54.0,13.0,6.0,4.0,12.0
1,2021-05-18,,,4491,4302,6424,3877,27,20,60,35,-21.0,-15.0,-20.0,-21.0,8.0,7.0,5.0,7.0,149.0,164.0,96.0,99.0,-43.0,-45.0,-54.0,-54.0,6.0,4.0,12.0,12.0
1,2021-05-19,,,4302,6424,3877,4814,20,60,35,51,-15.0,-20.0,-21.0,-20.0,7.0,5.0,7.0,8.0,164.0,96.0,99.0,95.0,-45.0,-54.0,-54.0,-55.0,4.0,12.0,12.0,13.0
1,2021-05-20,,,6424,3877,4814,4836,60,35,51,43,-20.0,-21.0,-20.0,-17.0,5.0,7.0,8.0,13.0,96.0,99.0,95.0,95.0,-54.0,-54.0,-55.0,-54.0,12.0,12.0,13.0,12.0
1,2021-05-21,,,3877,4814,4836,4531,35,51,43,55,-21.0,-20.0,-17.0,,7.0,8.0,13.0,,99.0,95.0,95.0,,-54.0,-55.0,-54.0,,12.0,13.0,12.0,
